USE ProduzioniVideo;

INSERT INTO Dipendente (CodiceFiscale, Nome, Cognome, Ruolo, DataAssunzione, Telefono, EmailAziendale) VALUES
('FNSFNC91B23D612K', 'Francesco', 'Sansone', 'Operatore', '2020-01-15', '+393331234567', 'f.sansone@produzionivideo.com'),
('BNNMRA98E43A131C', 'Anna', 'Bianchi', 'Editor', '2019-05-20', '+393332345678', 'a.bianchi@produzionivideo.com'),
('MRRDNC96B12H501B', 'Alessandro', 'Marrone', 'Polivalente', '2020-11-02', '+393333456789', 'a.marrone@produzionivideo.com'),
('SLVBLN98C16G286D', 'Marco', 'Salvini', 'Operatore', '2018-06-14', '+393334567890', 'm.salvini@produzionivideo.com'),
('VLCGPP91M11A952L', 'Paolo', 'Villaggio', 'Editor', '2021-02-01', '+393335678901', 'p.villaggio@produzionivideo.com'),
('RSMRTR92A41A944K', 'Roberto', 'Rossi', 'Polivalente', '2020-08-30', '+393336789012', 'r.rossi@produzionivideo.com'),
('GRDGLB93H15D086T', 'Luca', 'Giraldi', 'Operatore', '2019-01-10', '+393337890123', 'l.giraldi@produzionivideo.com'),
('GGRMRZ95T03H501T', 'Gianluca', 'Guglielmi', 'Editor', '2018-12-05', '+393338901234', 'g.guglielmi@produzionivideo.com'),
('MTTNSN94D08I138O', 'Matteo', 'Martinelli', 'Polivalente', '2021-04-10', '+393339012345', 'm.martinelli@produzionivideo.com'),
('LNDRNG93R15H501O', 'Laura', 'Landrini', 'Operatore', '2019-09-01', '+393330123456', 'l.landrini@produzionivideo.com'),
('MRCGRL88D14F205M', 'Margherita', 'Carugno', 'Editor', '2019-02-15', '+393201234567', 'm.carugno@produzionivideo.com'),
('PSCGPP86A24F205Q', 'Paolo', 'Siciliani', 'Polivalente', '2018-10-12', '+393479876543', 'p.siciliani@produzionivideo.com'),
('GRNLDR97R22F205Z', 'Giorgia', 'Landi', 'Operatore', '2021-04-27', '+393388765432', 'g.landi@produzionivideo.com'),
('FRZMNL87T26F205D', 'Francesco', 'Zamponi', 'Polivalente', '2019-06-19', '+393397654321', 'f.zamponi@produzionivideo.com'),
('VLNNTN98A22F205C', 'Valentina', 'Antonelli', 'Editor', '2020-09-14', '+393299876543', 'v.antonelli@produzionivideo.com');

INSERT INTO Videocamera (NumeroSeriale, Modello, Obiettivo, Risoluzione) VALUES
('S7SM24523950239', 'Sony A7S II', '24-70mm f/2.8', '1080@120'),
('CR5M13851036985', 'Canon EOS R5', '16-35mm f/2.8', '1440@60'),
('PGH5E1029325470', 'Panasonic GH5', '12-60mm f/2.8-4.0', '1440@60'),
('BCCP60398512058', 'Blackmagic Pocket Cinema Camera 6K', 'EF 24-105mm f/4L IS II USM', '3160@60'),
('RKM4K6302147520', 'Red Komodo', 'RF 24-105mm f/4L IS USM', '3160@40'),
('SFX943009852236', 'Sony FX9', '28-135mm f/4', '1440@60'),
('CXF511147582036', 'Canon XF705', '25.5-382.5mm f/2.8-4.5', '1440@60'),
('BUM126698510187', 'Blackmagic URSA Mini Pro 12K', 'EF 24-105mm f/4L IS II USM', '6000@60'),
('PS1H11339874500', 'Panasonic S1H', '24-70mm f/2.8', '3160@24'),
('SZV417413692038', 'Sony ZV-1', '24-70mm f/1.8-2.8', '1440@30');

INSERT INTO Attore (CodiceFiscale, Nome, Cognome, DataNascita, Telefono) VALUES
('GRLMRC94E04L219M', 'Gloria', 'Marconi', '1994-04-04', '+393481234567'),
('LNVGPP05E50D612L', 'Lorenzo', 'Vega', '2005-12-05', '+393401234567'),
('RSLGPP99L12B354J', 'Rosalia', 'Giuseppe', '1999-02-12', '+393491234567'),
('FGNFBA78E68D612P', 'Francesco', 'Battaglia', '1978-12-06', '+393511234567'),
('SGNFBA79D12L219R', 'Sabrina', 'Fabio', '1979-04-12', '+393481234567'),
('VNTMRC63M50B354V', 'Vincenzo', 'Marconi', '1963-02-15', '+393491234567'),
('FLVGP94H03D612F', 'Flavio', 'Gallo', '1994-08-03', '+393401234567'),
('VLNMRC56B50B354B', 'Valentina', 'Marconi', '1956-10-21', '+393491234567'),
('DRSCSC06P01L219C', 'Dario', 'Scalia', '2006-01-01', '+393481234567'),
('CRTMRC76D24B354C', 'Carla', 'Marconi', '1976-04-24', '+393491234567'),
('SNZFBA87B03D612N', 'Sanzio', 'Fabiani', '1987-08-03', '+393401234567'),
('LVCBLL91C29B354P', 'Luca', 'Bianchi', '1991-03-29', '+393511234567'),
('RBNMHL80A02L219A', 'Roberto', 'Manfredi', '1980-12-02', '+393481234567'),
('GRNMRC92L02B354G', 'Giovanni', 'Marconi', '1992-07-02', '+393491234567'),
('FNCMHL86B23D612S', 'Francesca', 'Mohamed', '1986-02-23', '+393401234567'),
('CLVBLL84B30L219L', 'Claudio', 'Bellini', '1984-02-28', '+393481234567'),
('RSLFBA69D28B354B', 'Rosalia', 'Fabiani', '1969-06-28', '+393491234567'),
('VTNMRC99D03D612V', 'Vittorio', 'Marconi', '1999-09-03', '+393401234567'),
('MRCVNN61M02L219M', 'Marco', 'Vannucci', '1961-03-02', '+393481234567'),
('GRNMRC93L08B354G', 'Giorgio', 'Marconi', '1993-12-08', '+393491234567'),
('LNTMRC72D24L219F', 'Linda', 'Marconi', '1972-10-24', '+393481234567'),
('RSSMRA99A01H501L', 'Maria', 'Rossi', '1999-01-01', '+390123456789'),
('VRDGNN98A41F205M', 'Giovanni', 'Verdi', '1998-04-01', '+390987654321'),
('CNTGPP85D07H501P', 'Paolo', 'Conti', '1985-04-07', '+390123459876'),
('LNZBNR00B42H501F', 'Bruno', 'Lanzi', '2000-02-14', '+390987651234'),
('BRNNNC90C08H501W', 'Nicola', 'Bruni', '1990-03-08', '+390123450987'),
('VTCFBA85A53H501Q', 'Barbara', 'Vettori', '1985-06-03', '+390987654321'),
('SMRCRL94A01H501Z', 'Laura', 'Simone', '1994-01-01', '+390123459876'),
('GRSDNL96R03F205O', 'Lorenzo', 'Giuseppe', '1996-04-03', '+390987651234'),
('FRNGNN93R07H501L', 'Giuseppe', 'Ferrari', '1993-09-07', '+390123450987'),
('MRCGLB91L28H501C', 'Luca', 'Marconi', '1991-12-28', '+390987654321'),
('BNCMTT97A12H501L', 'Antonio', 'Bianchi', '1997-05-12', '+390123456789'),
('NTSCST94B41H501N', 'Stefano', 'Neri', '1994-02-20', '+390987651234'),
('VRDGLN87M28H501D', 'Gianluca', 'Verdi', '1987-08-28', '+390123450987'),
('PNLGRG98T41F205Z', 'Giorgia', 'Pannella', '1998-05-01', '+390987654321'),
('LZZCMN92C01H501G', 'Carmine', 'Lazzari', '1992-01-01', '+390123459876'),
('RSCGNN90R02H501S', 'Sara', 'Russo', '1990-04-02', '+390987651234'),
('BCCPTR89H08H501V', 'Valentina', 'Bacco', '1989-07-08', '+390123450987'),
('LCCFRA97T01H501L', 'Francesco', 'Locatelli', '1997-06-01', '+390987654321'),
('FRRNNN95R05H501S', 'Simone', 'Ferraro', '1995-01-05', '+390123456789'),
('BCGNTN83L14H501L', 'Luigi', 'Becchetti', '1983-11-14', '+390987651234'),
('SCMTNZ13D20F205K', 'Martina', 'Scamarcio', '2013-05-14', '+393334445566'),
('MCRPDR13A20F205R', 'Alessia', 'Macri', '2013-04-01', '+393337778899'),
('PLZGLI14C19F205O', 'Lidia', 'Palazzi', '2014-08-25', '+393333334333'),
('CNTNDA15C17F205N', 'Daniele', 'Conti', '2015-06-20', '+393338889999'),
('SCNTFR71B25F205F', 'Francesca', 'Sconti', '1971-05-12', '+393336667777'),
('SMNBLN67C21F205V', 'Bruno', 'Simone', '1967-02-03', '+393335554444'),
('PRDVLC80R23F205K', 'Lucia', 'Parodi', '1980-10-15', '+393332221111'),
('PNTGRL81B22F205L', 'Luigi', 'Pantagruel', '1981-12-18', '+393331114444'),
('VRDNNE75B23F205O', 'Nina', 'Verdone', '1975-11-24', '+393332225555'),
('BNCLCA89D14F205J', 'Carla', 'Bianchi', '1989-03-04', '+393336667777');

INSERT INTO Cliente (CodiceCliente, Nome, NominativoReferente, TelefonoReferente, Paese, Città, CAP, Via, Civico) VALUES 
(1, 'Innovazioni Srl', 'Marco Rossi', '+3904045678901', 'Italia', 'Trieste', '34121', 'Via del Teatro Romano', '5'),
(2, 'Gadget Futuristici', 'Giulia Bianchi', '+3904067890123', 'Italia', 'Gorizia', '34170', 'Corso Italia', '22'),
(3, 'Mondo Bio', 'Alessio Neri', '+3904043210987', 'Italia', 'Udine', '33100', 'Via Mercatovecchio', '12'),
(4, 'Fashion Design', 'Marta Ferrari', '+3904065432109', 'Italia', 'Trieste', '34135', 'Via XXIV Maggio', '6'),
(5, 'Soluzioni Informatiche', 'Roberto Bianchi', '+3904076543210', 'Italia', 'Pordenone', '33170', 'Via Cesare Battisti', '33'),
(6, 'Edilizia Futura', 'Laura Fabbri', '+3904045678234', 'Italia', 'Trieste', '34123', 'Viale XX Settembre', '112'),
(7, 'Alimentari del Borgo', 'Giovanni Russo', '+3904012345678', 'Italia', 'Trieste', '34124', 'Piazza Unità d\'Italia', '1'),
(8, 'Arredamenti Moderni', 'Valentina Rosi', '+3904056789123', 'Italia', 'Gorizia', '34170', 'Via Roma', '11'),
(9, 'Design Innovativo', 'Francesco Ricci', '+3904032109876', 'Italia', 'Trieste', '34127', 'Via San Francesco', '19'),
(10, 'Ingegneria e Progetti', 'Sara Bianco', '+3904067890345', 'Italia', 'Udine', '33100', 'Via Cavour', '7'),
(11, 'Idee Creative', 'Michele Ferrari', '+3904045678012', 'Italia', 'Trieste', '34125', 'Via Torrebianca', '10'),
(12, 'Elettronica Facile', 'Federica Verdi', '+3904076543120', 'Italia', 'Pordenone', '33170', 'Via Gramsci', '54'),
(13, 'Moda & Stile', 'Luca Bianchi', '+3904023456789', 'Italia', 'Trieste', '34135', 'Via Cavana', '18'),
(14, 'Software Innovativo', 'Simone Rossi', '+3904056789234', 'Italia', 'Gorizia', '34170', 'Via Dante', '8'),
(15, 'Benessere e Salute', 'Martina Bianco', '+3904032109567', 'Italia', 'Trieste', '34126', 'Viale Miramare', '9'),
(16, 'Azienza Tecnologie Innovative', 'Mario Rossi', '+39048123456', 'Italia', 'Trieste', '34100', 'Via Roma', '10'),
(17, 'Studio Legale Ferraro', 'Andrea Bianchi', '+390432345678', 'Italia', 'Gorizia', '34170', 'Via Giuseppe Garibaldi', '20'),
(18, 'Assicurazioni Futura', 'Simone Lombardi', '+39040765432', 'Italia', 'Pordenone', '33170', 'Via delle Scienze', '5'),
(19, 'Caffè Dolce Vita', 'Giulia Neri', '+39041432156', 'Italia', 'Trieste', '34140', 'Via del Mare', '30'),
(20, 'Hotel Bellavista', 'Lucia Verdi', '+39045234567', 'Italia', 'Udine', '33100', 'Piazza Vittorio Veneto', '15'),
(21, 'Società di Trasporti Veloci', 'Antonio Mazzini', '+390401234567', 'Italia', 'Trieste', '34135', 'Via del Commercio', '7'),
(22, 'Fioreria Giardino Fiorito', 'Elena Ferrari', '+39041876543', 'Italia', 'Gorizia', '34170', 'Via Cavour', '25'),
(23, 'Cantina del Sole', 'Fabrizio Russo', '+39046123456', 'Italia', 'Pordenone', '33170', 'Piazza XX Settembre', '12'),
(24, 'Studi Medici Riuniti', 'Silvia Bianchi', '+39048654321', 'Italia', 'Trieste', '34130', 'Via San Francesco', '40'),
(25, 'Impresa Edile Solida', 'Giacomo Moretti', '+39043456789', 'Italia', 'Udine', '33100', 'Via Don Bosco', '6'),
(26, 'Ristorante Buon Gusto', 'Alessandro Conti', '+390407654321', 'Italia', 'Trieste', '34132', 'Via della Libertà', '50'),
(27, 'Società di Informatica Sviluppo Software', 'Paolo Mancini', '+39043234567', 'Italia', 'Gorizia', '34170', 'Via Dante Alighieri', '8'),
(28, 'Istituto di Bellezza Sensazioni', 'Maria Gallo', '+390461234567', 'Italia', 'Pordenone', '33170', 'Via Giuseppe Mazzini', '18'),
(29, 'Officina Meccanica Motori Potenti', 'Luigi Rossi', '+39045234568', 'Italia', 'Udine', '33100', 'Via del Lavoro', '20'),
(30, 'Top & Giacche', 'Anna Santoro', '+390481234567', 'Italia', 'Trieste', '34132', 'Via dei Giardini', '9'),
(31, 'Azienda Italia S.r.l.', 'Marco Rossi', '+393479870123', 'Italia', 'Trieste', '34100', 'Via del Mare', '10'),
(32, 'ACME S.p.A.', 'Igor Novak', '+386291234567', 'Slovenia', 'Lubiana', '1000', 'Linhartova cesta', '45'),
(33, 'Delta Elettronica S.r.l.', 'Luigi Ferrari', '+393455678901', 'Italia', 'Trieste', '34123', 'Via Roma', '7'),
(34, 'Marmi Italiani S.p.A.', 'Simone Neri', '+393496543210', 'Italia', 'Udine', '33100', 'Via Cavour', '22'),
(35, 'Plastiche Sud S.r.l.', 'Laura Rossi', '+393399876543', 'Italia', 'Trieste', '34100', 'Via dei Mille', '14'),
(36, 'Eco Clean S.r.l.', 'Alessandro Conti', '+393216789012', 'Italia', 'Pordenone', '33170', 'Via Garibaldi', '3'),
(37, 'Azienda Nord S.p.A.', 'Valentina Romano', '+393491234567', 'Italia', 'Trieste', '34100', 'Via Carducci', '12'),
(38, 'Innovazioni Digitali S.r.l.', 'Giacomo Bianchi', '+393215432109', 'Italia', 'Udine', '33100', 'Via Leopardi', '6'),
(39, 'Automobili Italiane S.p.A.', 'Antonio Verdi', '+393497654321', 'Italia', 'Gorizia', '34170', 'Via Cavour', '13'),
(40, 'Vini di Qualità S.r.l.', 'Federica Rossi', '+393398765432', 'Italia', 'Trieste', '34100', 'Via della Vittoria', '23'),
(41, 'Pasticcerie Italiane S.p.A.', 'Matteo Esposito', '+393471234567', 'Italia', 'Pordenone', '33170', 'Via dei Mille', '8'),
(42, 'Abbigliamento Fashion S.r.l.', 'Sara Bianchi', '+393212345678', 'Italia', 'Trieste', '34100', 'Via San Marco', '19'),
(43, 'Edilizia Moderna S.r.l.', 'Filippo Conte', '+393411223344', 'Italia', 'Udine', '33100', 'Via Garibaldi', '11'),
(44, 'Società di Trasporti S.p.A.', 'Alessia Ferrari', '+393491112233', 'Italia', 'Gorizia', '34170', 'Via Trieste', '7'),
(45, 'Turismo in Italia S.r.l.', 'Roberto Verdi', '+393488887777', 'Italia', 'Trieste', '34100', 'Via Roma', '34'),
(46, 'Acme srl', 'Mario Rossi', '+39333221111', 'Italia', 'Trieste', '34100', 'Via dei Mille', '10'),
(47, 'Beta spa', 'Luigi Verdi', '+39339234455', 'Italia', 'Trieste', '34143', 'Via Roma', '28'),
(48, 'Gamma snc', 'Sara Bianchi', '+39348487651', 'Italia', 'Trieste', '34121', 'Via Carducci', '6'),
(49, 'Delta srl', 'Simone Neri', '+39335772584', 'Italia', 'Trieste', '34127', 'Via San Francesco', '18'),
(50, 'Epsilon srl', 'Laura Rossi', '+39347752987', 'Italia', 'Trieste', '34135', 'Via Leopardi', '32'),
(51, 'Zeta spa', 'Roberto Bianchi', '+39333998877', 'Italia', 'Gorizia', '34170', 'Via Garibaldi', '50'),
(52, 'Eta srl', 'Giacomo Neri', '+39332457692', 'Italia', 'Gorizia', '34170', 'Via Cesare Battisti', '12'),
(53, 'Theta snc', 'Albert Zupan', '+38638765423', 'Slovenia', 'Nova Gorica', '5000', 'Vojkova cesta', '9'),
(54, 'Iota spa', 'Carlo Bianchi', '+39335543323', 'Italia', 'Udine', '33100', 'Via Tolmezzo', '7'),
(55, 'Kappa srl', 'Maria Rossi', '+39331890875', 'Italia', 'Udine', '33100', 'Via Cividale', '22'),
(56, 'Lambda srl', 'Giovanni Neri', '+39333456789', 'Italia', 'Udine', '33170', 'Via Aquileia', '14'),
(57, 'Mu srl', 'Anna Verdi', '+39338345678', 'Italia', 'Pordenone', '33170', 'Via Garibaldi', '44'),
(58, 'Nu srl', 'Paolo Bianchi', '+39331987654', 'Italia', 'Pordenone', '33170', 'Via Venezia', '3'),
(59, 'Xi snc', 'Marta Neri', '+39338765432', 'Italia', 'Pordenone', '33100', 'Via delle Rose', '11'),
(60, 'Omicron spa', 'Alessandro Verdi', '+39334456789', 'Italia', 'Pordenone', '33100', 'Via Giuseppe Garibaldi', '15'),
(61, 'ACME Srl', 'Marco Rossi', '+39 02 1234567', 'Italia', 'Milano', '20121', 'Via Montenapoleone', '10'),
(62, 'Bike World Srl', 'Paolo Bianchi', '+39 06 2345678', 'Italia', 'Roma', '00185', 'Via Nazionale', '20'),
(63, 'Caronte Srl', 'Giulia Ferrari', '+39 080 3456789', 'Italia', 'Bari', '70122', 'Via Dante', '15'),
(64, 'Dolce Vita Srl', 'Roberto Neri', '+39 051 4567890', 'Italia', 'Bologna', '40126', 'Via Indipendenza', '5'),
(65, 'Eco Verde Srl', 'Simona Conti', '+39 02 5678901', 'Italia', 'Milano', '20124', 'Via Venini', '2'),
(66, 'Fior di Loto Srl', 'Giovanni Rossi', '+39 081 6789012', 'Italia', 'Napoli', '80100', 'Via Toledo', '50'),
(67, 'GigaByte Srl', 'Laura Rizzo', '+39 011 7890123', 'Italia', 'Torino', '10121', 'Via Roma', '15'),
(68, 'Home Style Srl', 'Anna Verdi', '+39 02 8901234', 'Italia', 'Milano', '20122', 'Corso Buenos Aires', '10'),
(69, 'Italian Wine Srl', 'Luca Moretti', '+39 055 9012345', 'Italia', 'Firenze', '50122', 'Via dei Calzaiuoli', '25'),
(70, 'Jolly Sport Srl', 'Maria Neri', '+39 02 3456789', 'Italia', 'Bergamo', '24122', 'Via XX Settembre', '30'),
(71, 'Karma Srl', 'Sara Russo', '+39 011 2345678', 'Italia', 'Torino', '10123', 'Via Garibaldi', '10'),
(72, 'La Piazzetta Srl', 'Michele Bianchi', '+39 06 3456789', 'Italia', 'Roma', '00186', 'Piazza Navona', '5'),
(73, 'Moto Club Srl', 'Dario Rossi', '+39 045 4567890', 'Italia', 'Verona', '37121', 'Corso Porta Nuova', '15'),
(74, 'Natura Srl', 'Silvia Ferrari', '+39 02 5678901', 'Italia', 'Monza', '20900', 'Via Bergamo', '20'),
(75, 'Studio Legale Rossi', 'Mario Rossi', '+39040555001', 'Italia', 'Trieste', '34100', 'Via del Corso', '10'),
(76, 'Società Agricola 12 Virtù', 'Luigi Bianchi', '+39040444002', 'Italia', 'Trieste', '34121', 'Piazza Unità d Italia', '20'),
(77, 'Impresa Edile Verdi', 'Giovanni Verdi', '+39040777003', 'Italia', 'Udine', '33100', 'Via delle Rose', '5'),
(78, 'Scarpe & Scarpe', 'Antonio Neri', '+39040666004', 'Italia', 'Gorizia', '34170', 'Corso Italia', '15'),
(79, 'Transport4Life', 'Paolo Gialli', '+39040333005', 'Italia', 'Trieste', '34125', 'Via Roma', '30'),
(80, 'Impianti Elettrici', 'Roberto Verdi', '+39040888006', 'Italia', 'Pordenone', '33170', 'Via Fiume', '8');

INSERT INTO Video (CodiceVideo, Scadenza, Stato, Titolo, Cliente) VALUES 
(1, '2020-01-05', 'Consegnato', 'Intervista CEO', 64),
(2, '2020-01-12', 'Consegnato', 'Spot Prodotto Tech', 38),
(3, '2020-01-19', 'Consegnato', 'Una lontana amicizia', 11),
(4, '2020-01-26', 'Consegnato', 'Reportage Evento Sportivo', 71),
(5, '2020-02-02', 'Consegnato', 'Video Musicale', 29),
(6, '2020-02-09', 'Consegnato', 'Demo Prodotto', 16),
(7, '2020-02-16', 'Consegnato', 'Intervista Personaggio Pubblico', 43),
(8, '2020-02-23', 'Consegnato', 'Video Promo App', 58),
(9, '2020-03-01', 'Consegnato', 'Tutorial Cucina', 26),
(10, '2020-03-08', 'Consegnato', 'Spot Auto', 76),
(11, '2020-03-15', 'Consegnato', 'Intervista Artista', 35),
(12, '2020-03-22', 'Consegnato', 'Evento Benefico', 12),
(13, '2020-03-29', 'Consegnato', 'Reportage Viaggio', 63),
(14, '2020-04-05', 'Consegnato', 'Video Educativo', 48),
(15, '2020-04-12', 'Consegnato', 'Intervista Scrittore', 7),
(16, '2020-04-19', 'Consegnato', 'Video Aziendale', 54),
(17, '2020-04-26', 'Consegnato', 'Spot Profumo', 22),
(18, '2020-05-03', 'Consegnato', 'Documentario Storico', 75),
(19, '2020-05-10', 'Consegnato', 'Video Clip Fitness', 41),
(20, '2020-05-17', 'Consegnato', 'Intervista Sportivo', 69),
(21, '2020-05-24', 'Consegnato', 'Evento di Moda', 28),
(22, '2020-05-31', 'Consegnato', 'Spot Telefono Cellulare', 17),
(23, '2020-08-06', 'Consegnato', 'Promozione Estate', 57),
(24, '2020-08-13', 'Consegnato', 'Intervista Startup', 77),
(25, '2020-08-20', 'Consegnato', 'Sfilata Moda', 47),
(26, '2020-08-27', 'Consegnato', 'Tutorial Cucina', 10),
(27, '2020-09-03', 'Consegnato', 'Tour Città', 36),
(28, '2020-09-10', 'Consegnato', 'Spot Fitness', 60),
(29, '2020-09-17', 'Consegnato', 'Concerto Band', 45),
(30, '2020-09-24', 'Consegnato', 'Video Aziendale', 21),
(31, '2020-10-01', 'Consegnato', 'Ricetta Vegana', 72),
(32, '2020-10-08', 'Consegnato', 'Evento Sportivo', 61),
(33, '2020-10-15', 'Consegnato', 'Trailer Film', 68),
(34, '2020-10-22', 'Consegnato', 'Intervista Scrittore', 6),
(35, '2020-10-29', 'Consegnato', 'Spot Auto', 2),
(36, '2020-11-04', 'Consegnato', 'Seguendo la retta via', 18),
(37, '2021-01-05', 'Consegnato', 'Video aziendale', 56),
(38, '2021-01-19', 'Consegnato', 'Intervista al CEO', 23),
(39, '2021-02-02', 'Consegnato', 'Evento sportivo', 31),
(40, '2021-02-16', 'Consegnato', 'Spot prodotto tecnologico', 34),
(41, '2021-03-02', 'Consegnato', 'Tour della città', 66),
(42, '2021-03-02', 'Consegnato', 'Tutorial cucina', 80),
(43, '2021-03-07', 'Consegnato', 'Video promozionale', 78),
(44, '2021-01-19', 'Consegnato', 'Video musicale', 13),
(45, '2021-02-16', 'Consegnato', 'Intervista cliente soddisfatto', 33),
(46, '2021-03-01', 'Consegnato', 'Un mistero spettrale', 49),
(47, '2021-05-15', 'Consegnato', 'Un nuovo prodotto', 42),
(48, '2021-06-02', 'Consegnato', 'Viaggio nel tempo', 3),
(49, '2021-06-19', 'Consegnato', 'La vita in un giorno', 74),
(50, '2021-07-06', 'Consegnato', 'Un amore duraturo', 65),
(51, '2021-07-23', 'Consegnato', 'La mia cucina', 25),
(52, '2021-08-09', 'Consegnato', 'Un\'amicizia speciale', 16),
(53, '2021-08-26', 'Consegnato', 'La nostra città', 4),
(54, '2021-09-12', 'Consegnato', 'Una giornata nella natura', 65),
(55, '2021-09-29', 'Consegnato', 'Sfida estrema', 5),
(56, '2021-10-16', 'Consegnato', 'La mia passione', 27),
(57, '2021-11-01', 'Consegnato', 'L\'ultimo viaggio', 73),
(58, '2021-11-01', 'Consegnato', 'Le mie vacanze', 24),
(59, '2021-11-01', 'Consegnato', 'L\'arte della cucina', 79),
(60, '2021-11-01', 'Consegnato', 'Il mio sport preferito', 67),
(61, '2021-11-01', 'Consegnato', 'La mia famiglia', 40),
(62, '2021-11-01', 'Consegnato', 'La mia città natale', 1),
(63, '2022-01-10', 'Consegnato', 'Promo Nuovo Prodotto', 4),
(64, '2022-01-17', 'Consegnato', 'Intervista Cliente Soddisfatto', 9),
(65, '2022-01-24', 'Consegnato', 'Tour Virtuale Nostro Ufficio', 14),
(66, '2022-01-31', 'Consegnato', 'Tutorial Nuova Funzionalità', 31),
(67, '2022-02-07', 'Consegnato', 'Storia di Successo Cliente', 20),
(68, '2022-02-14', 'Consegnato', 'Spot TV per il nostro Servizio', 19),
(69, '2022-02-17', 'Consegnato', 'Video Tutorial sul Nostro Prodotto', 44),
(70, '2022-02-20', 'Consegnato', 'Evento per il Lancio del Nuovo Prodotto', 8),
(71, '2022-06-20', 'Consegnato', 'Intervista alla Startup', 43),
(72, '2022-06-27', 'Consegnato', 'Spot TV Prodotto', 37),
(73, '2022-07-04', 'Consegnato', 'Promo Social per Evento', 21),
(74, '2022-07-11', 'Consegnato', 'Intervista al CEO della Società', 6),
(75, '2022-07-18', 'Consegnato', 'Video Industriale per Clienti', 58),
(76, '2022-08-01', 'Consegnato', 'Tutorial Tecnologico', 10),
(77, '2022-08-15', 'Consegnato', 'Video Musicale per Nuovo Singolo', 18),
(78, '2022-08-29', 'Consegnato', 'Presentazione dell\'Ultimo Prodotto', 51),
(79, '2022-09-05', 'Consegnato', 'Riassunto dell\'Anno Scolastico', 21),
(80, '2022-09-12', 'Consegnato', 'Spot per l\'Apertura di un Nuovo Negozio', 52),
(81, '2022-09-19', 'Consegnato', 'Video Promozionale per l\'Evento Annuale', 6),
(82, '2022-09-26', 'Consegnato', 'Intervista al Nuovo Ingegnere Capo', 39),
(83, '2022-10-10', 'Consegnato', 'Video di Formazione per Dipendenti', 15),
(84, '2022-10-24', 'Consegnato', 'Spot TV per la Nuova Campagna Pubblicitaria', 50),
(85, '2022-11-07', 'Consegnato', 'Video per l\'Anniversario', 32),
(86, '2022-11-17', 'Consegnato', 'Video Promozionale per la Nuova Collezione', 21),
(87, '2022-11-17', 'Consegnato', 'Video sicurezza sul lavoro', 42),
(88, '2023-01-01', 'Consegnato', 'Video promozionale', 46),
(89, '2023-01-08', 'Consegnato', 'Video aziendale', 67),
(90, '2023-01-15', 'Consegnato', 'Video tutorial', 62),
(91, '2023-01-22', 'Consegnato', 'Video corso di formazione', 70),
(92, '2023-01-29', 'Consegnato', 'Spot pubblicitario', 32),
(93, '2023-02-05', 'Consegnato', 'Intervista al direttore', 19),
(94, '2023-02-12', 'Consegnato', 'Video backstage', 59),
(95, '2023-04-30', 'Editing', 'Video sportivo', 3),
(96, '2023-03-22', 'Consegnato', 'Video musicale', 30),
(97, '2023-03-31', 'Consegnato', 'Video promozionale', 54),
(98, '2023-04-26', 'Editing', 'La via del vento', 48),
(99, '2023-05-16', 'Ripresa', 'Video catalogo prodotti', 55),
(100, '2023-05-23', 'Ripresa', 'Video aziendale', 59),
(101, '2023-06-01', 'Consegnato', 'Ciao', 45);

INSERT INTO Fattura (NumeroFattura, Importo, DataEmissione, Video, DataPagamento) VALUES 
(1, 7800.0, '2020-01-05', 1, '2020-01-20'),
(2, 8420.0, '2020-01-10', 2, '2020-01-24'),
(3, 3105.0, '2020-01-16', 4, '2020-02-06'),
(4, 4950.0, '2020-01-22', 3, '2020-02-12'),
(5, 5700.0, '2020-01-28', 5, '2020-02-20'),
(6, 12500.0, '2020-02-02', 6, '2020-02-26'),
(7, 2350.0, '2020-02-09', 7, '2020-02-20'),
(8, 1800.0, '2020-02-15', 8, '2020-03-05'),
(9, 1200.50, '2020-03-20', 12, '2020-03-25'),
(10, 12750.60, '2020-03-25', 10, '2020-03-30'),
(11, 3650.00, '2020-04-05', 9, '2020-04-10'),
(12, 1950.75, '2020-04-10', 12, '2020-04-15'),
(13, 4105.00, '2020-04-15', 13, '2020-04-20'),
(14, 8700.25, '2020-04-20', 14, '2020-04-25'),
(15, 2300.50, '2020-04-25', 18, '2020-04-30'),
(16, 4608.00, '2020-05-01', 16, '2020-05-06'),
(17, 1800.00, '2020-05-06', 17, '2020-05-11'),
(18, 10740.00, '2020-05-11', 15, '2020-05-16'),
(19, 1500.75, '2020-05-16', 19, '2020-05-21'),
(20, 1900.00, '2020-05-21', 20, '2020-05-26'),
(21, 1400.50, '2020-05-26', 21, '2020-05-31'),
(22, 1750.00, '2020-06-01', 23, '2020-06-06'),
(23, 8202.00, '2020-08-06', 22, '2020-08-23'),
(24, 5750.00, '2020-08-13', 24, '2020-09-01'),
(25, 7900.00, '2020-08-22', 25, '2020-09-09'),
(26, 1770.00, '2020-09-02', 26, '2020-09-22'),
(27, 4910.00, '2020-09-08', 27, '2020-09-22'),
(28, 1890.00, '2020-09-15', 28, '2020-10-06'),
(29, 11300.00, '2020-09-22', 29, '2020-10-07'),
(30, 1720.00, '2020-09-27', 31, '2020-10-20'),
(31, 1650.00, '2020-10-04', 30, '2020-10-23'),
(32, 5190.00, '2020-10-10', 32, '2020-11-01'),
(33, 12752.40, '2020-10-19', 33, '2020-11-08'),
(34, 11200.00, '2020-10-27', 34, '2020-11-18'),
(35, 11680.00, '2020-11-02', 35, '2020-11-23'),
(36, 9150.00, '2020-11-10', 36, '2020-11-26'),
(37, 8200.00, '2021-01-05', 37, '2021-01-25'),
(38, 6560.00, '2021-01-12', 40, '2021-02-02'),
(39, 9300.00, '2021-01-20', 39, '2021-02-09'),
(40, 16650.00, '2021-01-28', 38, '2021-02-20'),
(41, 11750.00, '2021-02-02', 41, '2021-02-26'),
(42, 17400.00, '2021-02-10', 42, '2021-03-05'),
(43, 14450.00, '2021-02-16', 43, '2021-03-10'),
(44, 16500.00, '2021-02-21', 44, '2021-03-14'),
(45, 13700.00, '2021-02-27', 45, '2021-03-25'),
(46, 17700.00, '2021-03-07', 46, '2021-03-30'),
(47, 16340.50, '2021-05-15', 47, '2021-06-08'),
(48, 12928.00, '2021-05-20', 48, '2021-06-09'),
(49, 11869.00, '2021-05-25', 49, '2021-06-17'),
(50, 17725.80, '2021-06-01', 50, '2021-06-25'),
(51, 14925.60, '2021-06-06', 51, '2021-06-29'),
(52, 11837.50, '2021-06-13', 53, '2021-07-09'),
(53, 15181.90, '2021-06-18', 52, '2021-07-06'),
(54, 5545.60, '2021-09-08', 54, '2021-09-30'),
(55, 4721.40, '2021-09-15', 55, '2021-10-10'),
(56, 12837.80, '2021-09-20', 56, '2021-10-19'),
(57, 2901.50, '2021-09-25', 57, '2021-10-16'),
(58, 8267.20, '2021-10-01', 58, '2021-10-25'),
(59, 1550.90, '2021-10-08', 59, '2021-11-01'),
(60, 8417.80, '2021-10-13', 60, '2021-11-06'),
(61, 11475.20, '2021-10-20', 61, '2021-11-12'),
(62, 1389.60, '2021-10-28', 62, '2021-11-19'),
(63, 4250.00, '2022-01-10', 63, '2022-02-08'),
(64, 12450.00, '2022-01-15', 64, '2022-02-12'),
(65, 6100.00, '2022-01-22', 68, '2022-02-19'),
(66, 1660.50, '2022-01-27', 66, '2022-02-22'),
(67, 2500.00, '2022-02-01', 67, '2022-03-02'),
(68, 12785.00, '2022-02-09', 65, '2022-03-14'),
(69, 14325.00, '2022-02-15', 69, '2022-03-18'),
(70, 2420.00, '2022-02-20', 70, '2022-03-22'),
(71, 1856.80, '2022-06-20', 71, '2022-07-12'),
(72, 1912.23, '2022-06-28', 72, '2022-07-20'),
(73, 3883.71, '2022-07-06', 75, '2022-07-31'),
(74, 4489.12, '2022-07-14', 74, '2022-08-07'),
(75, 1761.89, '2022-07-22', 73, '2022-08-16'),
(76, 1686.77, '2022-07-30', 76, '2022-08-23'),
(77, 1682.16, '2022-08-07', 77, '2022-09-03'),
(78, 5501.50, '2022-08-15', 78, '2022-09-17'),
(79, 1580.00, '2022-09-12', 79, '2022-09-18'),
(80, 4120.50, '2022-10-01', 80, '2022-10-22'),
(81, 4485.00, '2022-10-07', 81, '2022-10-31'),
(82, 7620.00, '2022-10-14', 82, '2022-11-08'),
(83, 725.00, '2022-10-22', 83, '2022-11-16'),
(84, 1895.00, '2022-10-30', 84, '2022-11-28'),
(85, 1810.00, '2022-11-05', 85, '2022-12-06'),
(86, 1965.50, '2022-11-10', 86, '2022-12-08'),
(87, 1425.00, '2022-11-17', 87, '2022-12-11'),
(88, 3209.50, '2023-01-01', 89, '2023-01-28'),
(89, 805.30, '2023-01-09', 88, '2023-02-03'),
(90, 8804.50, '2023-01-14', 90, '2023-02-09'),
(91, 4300.00, '2023-01-22', 91, '2023-02-19'),
(92, 2400.00, '2023-01-30', 92, '2023-02-28'),
(93, 3700.00, '2023-02-07', 93, NULL),
(94, 1200.00, '2023-02-15', 94, '2023-03-22'),
(95, 4500.00, '2023-02-23', 96, NULL),
(96, 11200.50, '2023-05-01', 95, NULL),
(97, 4500.00, '2023-05-09', 97, '2023-05-15'),
(98, 1550.25, '2023-05-16', 100, '2023-05-18'),
(99, 850.50, '2023-05-23', 99, NULL),
(100, 2400.00, '2023-05-28', 98, NULL);

INSERT INTO Email (IndirizzoEmail, Cliente) VALUES
('assistenza@innovazionisrl.it', 1),
('vendite@innovazionisrl.it', 1),
('marketingup@gadgetfuturistici.it', 2),
('risorseumane@gadgetfuturistici.it', 2),
('ufficioacquisti@gadgetfuturistici.it', 2),
('amministrazione@mondobio.it', 3),
('assistenzatecnica@mondobio.it', 3),
('prodottitech@mondobio.it', 3),
('gestioneprodotti@fashiondesign.it', 4),
('informatica@fashiondesign.it', 4),
('amministrazione@soluzioniinformatiche.it', 5),
('assistenzacommerciale@soluzioniinformatiche.it', 5),
('comunicazione@soluzioniinformatiche.it', 5),
('fatturazione@soluzioniinformatiche.it', 5),
('logistica@soluzioniinformatiche.it', 5),
('amministrazione@ediliziafutura.it', 6),
('assistenzaclienti@ediliziafutura.it', 6),
('ufficioacquisti@ediliziafutura.it', 6),
('logistica@alimentaridelborgo.it', 7),
('marketing@alimentaridelborgo.it', 7),
('sviluppoprodotti@alimentaridelborgo.it', 7),
('risorseumane@arredamentimoderni.it', 8),
('ufficiotecnico@arredamentimoderni.it', 8),
('amministrazione@designinnovativo.it', 9),
('ufficiotecnico@designinnovativo.it', 9),
('assistenzaclienti@ingegneriaeprogetti.it', 10),
('sviluppoprodotti@ingegneriaeprogetti.it', 10),
('amministrazione@ideecreative.it', 11),
('logistica@ideecreative.it', 11),
('assistenzaclienti@elettronicafacile.it', 12),
('marketing@elettronicafacile.it', 12),
('ufficioacquisti@elettronicafacile.it', 12),
('sviluppoprodotti@modastile.it', 13),
('ufficiotecnico@modastile.it', 13),
('amministrazione@softwareinnovativo.it', 14),
('marketing@softwareinnovativo.it', 14),
('risorseumane@softwareinnovativo.it', 14),
('logistica@benessereesalute.it', 15),
('ufficiotecnico@benessereesalute.it', 15),
('marketingdept@azienzatecnologieinnovative.it', 16),
('salesdept@azienzatecnologieinnovative.it', 16),
('supportdept@azienzatecnologieinnovative.it', 16),
('hrdept@studiolegaleferraro.it', 17),
('financedept@assicurazionifutura.it', 18),
('itdept@assicurazionifutura.it', 18),
('marketingdept@assicurazionifutura.it', 18),
('salesdept@assicurazionifutura.it', 18),
('supportdept@assicurazionifutura.it', 18),
('hrdept@caffdolcevita.it', 19),
('itdept@caffdolcevita.it', 19),
('financedept@hotelbellavista.it', 20),
('hrdept@hotelbellavista.it', 20),
('marketingdept@hotelbellavista.it', 20),
('supportdept@hotelbellavista.it', 20),
('itdept@societditrasportiveloci.it', 21),
('marketingdept@societditrasportiveloci.it', 21),
('financedept@fioreriagiardinofiorito.it', 22),
('salesdept@fioreriagiardinofiorito.it', 22),
('supportdept@fioreriagiardinofiorito.it', 22),
('hrdept@cantinadelsole.it', 23),
('itdept@cantinadelsole.it', 23),
('marketingdept@cantinadelsole.it', 23),
('salesdept@studimediciriuniti.it', 24),
('financedept@impresaedilesolida.it', 25),
('hrdept@impresaedilesolida.it', 25),
('supportdept@impresaedilesolida.it', 25),
('itdept@ristorantebuongusto.it', 26),
('marketingdept@ristorantebuongusto.it', 26),
('salesdept@societdiinformaticasvilupposoftware.it', 27),
('supportdept@societdiinformaticasvilupposoftware.it', 27),
('financedept@istitutodibellezzasensazioni.it', 28),
('hrdept@officinameccanicamotoripotenti.it', 29),
('itdept@negoziodiabbigliamentoelegante.it', 30),
('marketingdept@negoziodiabbigliamentoelegante.it', 30),
('supportdept@negoziodiabbigliamentoelegante.it', 30),
('amministrazione@aziendaitaliasrl.it', 31),
('marketing@aziendaitaliasrl.it', 31),
('supporto@aziendaitaliasrl.it', 31),
('vendite@aziendaitaliasrl.it', 31),
('amministrazione@acmespa.it', 32),
('desk@acmespa.it', 32),
('supporto@acmespa.it', 32),
('vendite@acmespa.it', 32),
('amministrazione@deltaelettronicasrl.it', 33),
('marketing@deltaelettronicasrl.it', 33),
('support@deltaelettronicasrl.it', 33),
('vendite@deltaelettronicasrl.it', 33),
('amministrazione@marmiitalianispa.it', 34),
('uffici@marmiitalianispa.it', 34),
('supporto@marmiitalianispa.it', 34),
('vendite@marmiitalianispa.it', 34),
('contratti@plastichesudsrl.it', 35),
('marketing@plastichesudsrl.it', 35),
('supporto@plastichesudsrl.it', 35),
('vendite@plastichesudsrl.it', 35),
('amministrazione@ecocleansrl.it', 36),
('marketing@ecocleansrl.it', 36),
('support@ecocleansrl.it', 36),
('vendite@ecocleansrl.it', 36),
('amministrazione@aziendanordspa.it', 37),
('marketing@aziendanordspa.it', 37),
('supporto@aziendanordspa.it', 37),
('vendite@aziendanordspa.it', 37),
('amministrazione@innovazionidigitalisrl.it', 38),
('marketing@innovazionidigitalisrl.it', 38),
('supporto@innovazionidigitalisrl.it', 38),
('vendite@innovazionidigitalisrl.it', 38),
('amministrazione@automobiliitalianespa.it', 39),
('marketing@automobiliitalianespa.it', 39),
('supporto@automobiliitalianespa.it', 39),
('sales@automobiliitalianespa.it', 39),
('amministrazione@vinidiqualitsrl.it', 40),
('headquarters@vinidiqualitsrl.it', 40),
('supporto@vinidiqualitsrl.it', 40),
('vendite@vinidiqualitsrl.it', 40),
('amministrazione@pasticcerieitalianespa.it', 41),
('supporto@pasticcerieitalianespa.it', 41),
('vendite@pasticcerieitalianespa.it', 41),
('amministrazione@abbigliamentofashionsrl.it', 42),
('marketing@abbigliamentofashionsrl.it', 42),
('amministrazione@ediliziamodernasrl.it', 43),
('marketing@ediliziamodernasrl.it', 43),
('support@ediliziamodernasrl.it', 43),
('amministrazione@societditrasportispa.it', 44),
('vendite@societditrasportispa.it', 44),
('admin@turismoinitaliasrl.it', 45),
('marketing@turismoinitaliasrl.it', 45),
('supporto@turismoinitaliasrl.it', 45),
('vendite@turismoinitaliasrl.it', 45),
('marketing@acmesrl.it', 46),
('vendite@acmesrl.it', 46),
('amministrazione@betaspa.it', 47),
('finanza@betaspa.it', 47),
('risorseumane@betaspa.it', 47),
('sviluppo@gammasnc.it', 48),
('progettazione@deltasrl.it', 49),
('supporto@deltasrl.it', 49),
('gestione@epsilonsrl.it', 50),
('logistica@epsilonsrl.it', 50),
('produzione@epsilonsrl.it', 50);

INSERT INTO Montaggio (Versione, Video, Salvataggio, Data, Dipendente, TempoImpiegato) VALUES
(1, 1, 'D:/Videos/Editing/Intervista CEO/1-1', '2019-12-30', 'BNNMRA98E43A131C', '04:35:00'),
(2, 1, 'D:/Videos/Editing/Intervista CEO/1-2', '2019-12-31', 'MRCGRL88D14F205M', '06:00:00'),
(3, 1, 'D:/Videos/Editing/Intervista CEO/1-3', '2020-01-04', 'FRZMNL87T26F205D', '03:30:00'),
(1, 2, 'D:/Videos/Editing/Spot Prodotto Tech/2-1', '2020-01-11', 'MTTNSN94D08I138O', '05:45:00'),
(1, 3, 'D:/Videos/Editing/Una lontana amicizia/3-1', '2020-01-16', 'RSMRTR92A41A944K', '01:30:00'),
(2, 3, 'D:/Videos/Editing/Una lontana amicizia/3-2', '2020-01-17', 'PSCGPP86A24F205Q', '04:15:00'),
(1, 4, 'D:/Videos/Editing/Reportage Evento Sportivo/4-1', '2020-01-23', 'VLCGPP91M11A952L', '06:50:00'),
(2, 4, 'D:/Videos/Editing/Reportage Evento Sportivo/4-2', '2020-01-25', 'MRRDNC96B12H501B', '05:10:00'),
(1, 5, 'D:/Videos/Editing/Video Musicale/5-1', '2020-01-26', 'GGRMRZ95T03H501T', '04:20:00'),
(1, 6, 'D:/Videos/Editing/Demo Prodotto/6-1', '2020-02-05', 'VLCGPP91M11A952L', '02:15:00'),
(2, 6, 'D:/Videos/Editing/Demo Prodotto/6-2', '2020-02-06', 'FRZMNL87T26F205D', '03:40:00'),
(1, 7, 'D:/Videos/Editing/Intervista Personaggio Pubblico/7-1', '2020-02-12', 'RSMRTR92A41A944K', '01:20:00'),
(2, 7, 'D:/Videos/Editing/Intervista Personaggio Pubblico/7-2', '2020-02-14', 'MTTNSN94D08I138O', '05:30:00'),
(1, 8, 'D:/Videos/Editing/Video Promo App/8-1', '2020-02-15', 'MRCGRL88D14F205M', '07:30:00'),
(1, 9, 'D:/Videos/Editing/Tutorial Cucina/9-1', '2020-02-26', 'FRZMNL87T26F205D', '02:45:00'),
(1, 10, 'D:/Videos/Editing/Spot Auto/10-1', '2020-03-02', 'BNNMRA98E43A131C', '04:30:00'),
(2, 10, 'D:/Videos/Editing/Spot Auto/10-2', '2020-03-03', 'MTTNSN94D08I138O', '03:15:00'),
(1, 11, 'D:/Videos/Editing/Intervista Artista/11-1', '2020-03-10', 'RSMRTR92A41A944K', '06:00:00'),
(2, 11, 'D:/Videos/Editing/Intervista Artista/11-2', '2020-03-12', 'MRRDNC96B12H501B', '02:45:00'),
(1, 12, 'D:/Videos/Editing/Evento Benefico/12-1', '2020-03-20', 'VLCGPP91M11A952L', '05:00:00'),
(1, 13, 'D:/Videos/Editing/Reportage Viaggio/13-1', '2020-03-27', 'GGRMRZ95T03H501T', '07:45:00'),
(1, 14, 'D:/Videos/Editing/Video Educativo/14-1', '2020-03-30', 'MTTNSN94D08I138O', '03:30:00'),
(1, 15, 'D:/Videos/Editing/Intervista Scrittore/15-1', '2020-04-10', 'VLNNTN98A22F205C', '05:30:00'),
(1, 16, 'D:/Videos/Editing/Video Aziendale/16-1', '2020-04-15', 'PSCGPP86A24F205Q', '04:45:00'),
(2, 16, 'D:/Videos/Editing/Video Aziendale/16-2', '2020-04-16', 'MRCGRL88D14F205M', '06:30:00'),
(1, 17, 'D:/Videos/Editing/Spot Profumo/17-1', '2020-04-22', 'VLNNTN98A22F205C', '05:15:00'),
(1, 18, 'D:/Videos/Editing/Documentario Storico/18-1', '2020-04-30', 'FRZMNL87T26F205D', '03:00:00'),
(2, 18, 'D:/Videos/Editing/Documentario Storico/18-2', '2020-05-02', 'RSMRTR92A41A944K', '02:15:00'),
(1, 19, 'D:/Videos/Editing/Video Clip Fitness/19-1', '2020-05-02', 'PSCGPP86A24F205Q', '05:30:00'),
(1, 20, 'D:/Videos/Editing/Intervista Sportivo/20-1', '2020-05-10', 'FRZMNL87T26F205D', '04:20:00'),
(1, 21, 'D:/Videos/Editing/Evento di Moda/21-1', '2020-05-25', 'MTTNSN94D08I138O', '03:25:00'),
(2, 21, 'D:/Videos/Editing/Evento di Moda/21-2', '2020-05-25', 'GGRMRZ95T03H501T', '02:10:00'),
(3, 21, 'D:/Videos/Editing/Evento di Moda/21-3', '2020-05-25', 'MRRDNC96B12H501B', '05:35:00'),
(4, 21, 'D:/Videos/Editing/Evento di Moda/21-4', '2020-05-27', 'MRRDNC96B12H501B', '06:37:00'),
(1, 22, 'D:/Videos/Editing/Spot Telefono Cellulare/22-1', '2020-05-24', 'MTTNSN94D08I138O', '01:45:00'),
(2, 22, 'D:/Videos/Editing/Spot Telefono Cellulare/22-2', '2020-05-27', 'PSCGPP86A24F205Q', '06:15:00'),
(3, 22, 'D:/Videos/Editing/Spot Telefono Cellulare/22-3', '2020-05-28', 'FRZMNL87T26F205D', '04:20:00'),
(1, 23, 'D:/Videos/Editing/Promozione Estate/23-1', '2020-08-05', 'VLCGPP91M11A952L', '07:30:00'),
(1, 24, 'D:/Videos/Editing/Intervista Startup/24-1', '2020-08-13', 'RSMRTR92A41A944K', '05:30:00'),
(2, 24, 'D:/Videos/Editing/Intervista Startup/24-2', '2020-08-14', 'MRCGRL88D14F205M', '03:10:00'),
(3, 24, 'D:/Videos/Editing/Intervista Startup/24-3', '2020-08-16', 'VLNNTN98A22F205C', '01:45:00'),
(1, 25, 'D:/Videos/Editing/Sfilata Moda/25-1', '2020-08-20', 'MRCGRL88D14F205M', '06:25:00'),
(1, 26, 'D:/Videos/Editing/Tutorial Cucina/26-1', '2020-08-26', 'FRZMNL87T26F205D', '02:50:00'),
(1, 27, 'D:/Videos/Editing/Tour Città/27-1', '2020-08-31', 'MTTNSN94D08I138O', '04:15:00'),
(1, 28, 'D:/Videos/Editing/Spot Fitness/28-1', '2020-09-06', 'RSMRTR92A41A944K', '02:40:00'),
(1, 29, 'D:/Videos/Editing/Concerto Band/29-1', '2020-09-15', 'BNNMRA98E43A131C', '02:34:00'),
(2, 29, 'D:/Videos/Editing/Concerto Band/29-2', '2020-09-16', 'MTTNSN94D08I138O', '03:12:00'),
(3, 29, 'D:/Videos/Editing/Concerto Band/29-3', '2020-09-17', 'PSCGPP86A24F205Q', '01:56:00'),
(1, 30, 'D:/Videos/Editing/Video Aziendale/30-1', '2020-09-20', 'VLNNTN98A22F205C', '03:23:00'),
(2, 30, 'D:/Videos/Editing/Video Aziendale/30-2', '2020-09-24', 'FRZMNL87T26F205D', '04:28:00'),
(1, 31, 'D:/Videos/Editing/Ricetta Vegana/31-1', '2020-10-01', 'MRRDNC96B12H501B', '01:42:00'),
(1, 32, 'D:/Videos/Editing/Evento Sportivo/32-1', '2020-10-11', 'VLNNTN98A22F205C', '05:17:00'),
(2, 32, 'D:/Videos/Editing/Evento Sportivo/32-2', '2020-10-11', 'RSMRTR92A41A944K', '02:58:00'),
(3, 32, 'D:/Videos/Editing/Evento Sportivo/32-3', '2020-10-13', 'GGRMRZ95T03H501T', '01:15:00'),
(4, 32, 'D:/Videos/Editing/Evento Sportivo/32-4', '2020-10-14', 'GGRMRZ95T03H501T', '02:40:00'),
(1, 33, 'D:/Videos/Editing/Trailer Film/33-1', '2020-10-08', 'PSCGPP86A24F205Q', '01:53:00'),
(1, 34, 'D:/Videos/Editing/Intervista Scrittore/34-1', '2020-10-21', 'MTTNSN94D08I138O', '06:05:00'),
(2, 34, 'D:/Videos/Editing/Intervista Scrittore/34-2', '2020-10-22', 'MRCGRL88D14F205M', '04:12:00'),
(1, 35, 'D:/Videos/Editing/Spot Auto/35-1', '2020-10-21', 'VLNNTN98A22F205C', '02:28:00'),
(2, 35, 'D:/Videos/Editing/Spot Auto/35-2', '2020-10-29', 'MTTNSN94D08I138O', '02:56:00'),
(1, 36, 'D:/Videos/Editing/Seguendo la retta via/36-1', '2020-10-29', 'GGRMRZ95T03H501T', '03:11:00'),
(1, 37, 'D:/Videos/Editing/Video aziendale/37-1', '2021-01-05', 'BNNMRA98E43A131C', '02:46:00'),
(1, 38, 'D:/Videos/Editing/Intervista al CEO/38-1', '2021-01-16', 'BNNMRA98E43A131C', '01:59:00'),
(2, 38, 'D:/Videos/Editing/Intervista al CEO/38-2', '2021-01-17', 'VLCGPP91M11A952L', '05:33:00'),
(1, 39, 'D:/Videos/Editing/Evento sportivo/39-1', '2021-01-26', 'PSCGPP86A24F205Q', '06:25:00'),
(2, 39, 'D:/Videos/Editing/Evento sportivo/39-2', '2021-01-31', 'BNNMRA98E43A131C', '07:22:00'),
(3, 39, 'D:/Videos/Editing/Evento sportivo/39-3', '2021-02-01', 'VLNNTN98A22F205C', '07:25:00'),
(1, 40, 'D:/Videos/Editing/Spot prodotto tecnologico/40-1', '2021-02-16', 'RSMRTR92A41A944K', '03:54:00'),
(1, 41, 'D:/Videos/Editing/Tour della città/41-1', '2021-02-22', 'GGRMRZ95T03H501T', '04:52:00'),
(1, 42, 'D:/Videos/Editing/Tutorial cucina/42-1', '2021-02-27', 'PSCGPP86A24F205Q', '05:19:00'),
(2, 42, 'D:/Videos/Editing/Tutorial cucina/42-2', '2021-03-02', 'FRZMNL87T26F205D', '01:42:00'),
(3, 42, 'D:/Videos/Editing/Tutorial cucina/42-3', '2021-03-03', 'MRCGRL88D14F205M', '07:59:00'),
(1, 43, 'D:/Videos/Editing/Video promozionale/43-1', '2021-02-26', 'RSMRTR92A41A944K', '04:37:00'),
(1, 44, 'D:/Videos/Editing/Video musicale/44-1', '2021-01-18', 'BNNMRA98E43A131C', '01:41:00'),
(2, 44, 'D:/Videos/Editing/Video musicale/44-2', '2021-01-19', 'RSMRTR92A41A944K', '01:41:00'),
(3, 44, 'D:/Videos/Editing/Video musicale/44-3', '2021-01-22', 'VLCGPP91M11A952L', '07:00:00'),
(1, 45, 'D:/Videos/Editing/Intervista cliente soddisfatto/45-1', '2021-02-11', 'MRRDNC96B12H501B', '04:46:00'),
(1, 46, 'D:/Videos/Editing/Un mistero spettrale/46-1', '2021-02-28', 'MRRDNC96B12H501B', '07:22:00'),
(2, 46, 'D:/Videos/Editing/Un mistero spettrale/46-2', '2021-03-02', 'MTTNSN94D08I138O', '07:29:00'),
(3, 46, 'D:/Videos/Editing/Un mistero spettrale/46-3', '2021-03-04', 'FRZMNL87T26F205D', '01:21:00'),
(1, 47, 'D:/Videos/Editing/Un nuovo prodotto/47-1', '2021-05-06', 'RSMRTR92A41A944K', '03:00:00'),
(2, 47, 'D:/Videos/Editing/Un nuovo prodotto/47-2', '2021-05-14', 'VLNNTN98A22F205C', '04:07:00'),
(1, 48, 'D:/Videos/Editing/Viaggio nel tempo/48-1', '2021-06-02', 'PSCGPP86A24F205Q', '01:19:00'),
(1, 49, 'D:/Videos/Editing/La vita in un giorno/49-1', '2021-06-13', 'MRCGRL88D14F205M', '07:16:00'),
(1, 50, 'D:/Videos/Editing/Un amore duraturo/50-1', '2021-07-04', 'RSMRTR92A41A944K', '07:24:00'),
(2, 50, 'D:/Videos/Editing/Un amore duraturo/50-2', '2021-07-05', 'GGRMRZ95T03H501T', '06:11:00'),
(3, 50, 'D:/Videos/Editing/Un amore duraturo/50-3', '2021-07-08', 'GGRMRZ95T03H501T', '06:56:00'),
(1, 51, 'D:/Videos/Editing/La mia cucina/51-1', '2021-07-17', 'RSMRTR92A41A944K', '06:18:00'),
(2, 51, 'D:/Videos/Editing/La mia cucina/51-2', '2021-07-23', 'MRCGRL88D14F205M', '03:19:00'),
(3, 51, 'D:/Videos/Editing/La mia cucina/51-3', '2021-07-24', 'GGRMRZ95T03H501T', '07:48:00'),
(1, 52, 'D:/Videos/Editing/Un\'amicizia speciale/52-1', '2021-08-03', 'FRZMNL87T26F205D', '06:48:00'),
(2, 52, 'D:/Videos/Editing/Un\'amicizia speciale/52-2', '2021-08-06', 'VLCGPP91M11A952L', '05:20:00'),
(3, 52, 'D:/Videos/Editing/Un\'amicizia speciale/52-3', '2021-08-08', 'GGRMRZ95T03H501T', '04:02:00'),
(1, 53, 'D:/Videos/Editing/La nostra città/53-1', '2021-08-22', 'PSCGPP86A24F205Q', '05:15:00'),
(2, 53, 'D:/Videos/Editing/La nostra città/53-2', '2021-08-24', 'BNNMRA98E43A131C', '07:34:00'),
(1, 54, 'D:/Videos/Editing/Una giornata nella natura/54-1', '2021-09-09', 'MRCGRL88D14F205M', '03:17:00'),
(2, 54, 'D:/Videos/Editing/Una giornata nella natura/54-2', '2021-09-10', 'MRCGRL88D14F205M', '07:25:00'),
(1, 55, 'D:/Videos/Editing/Sfida estrema/55-1', '2021-09-27', 'VLCGPP91M11A952L', '06:18:00'),
(1, 56, 'D:/Videos/Editing/La mia passione/56-1', '2021-10-11', 'BNNMRA98E43A131C', '04:21:00'),
(1, 57, 'D:/Videos/Editing/L\'ultimo viaggio/57-1', '2021-10-24', 'VLNNTN98A22F205C', '03:11:00'),
(2, 57, 'D:/Videos/Editing/L\'ultimo viaggio/57-2', '2021-10-26', 'MRRDNC96B12H501B', '05:11:00'),
(3, 57, 'D:/Videos/Editing/L\'ultimo viaggio/57-3', '2021-10-27', 'FRZMNL87T26F205D', '02:22:00'),
(1, 58, 'D:/Videos/Editing/Le mie vacanze/58-1', '2021-10-30', 'MTTNSN94D08I138O', '03:15:00'),
(2, 58, 'D:/Videos/Editing/Le mie vacanze/58-2', '2021-10-31', 'RSMRTR92A41A944K', '06:29:00'),
(1, 59, 'D:/Videos/Editing/L\'arte della cucina/59-1', '2021-10-26', 'MRRDNC96B12H501B', '02:27:00'),
(1, 60, 'D:/Videos/Editing/Il mio sport preferito/60-1', '2021-10-23', 'VLNNTN98A22F205C', '03:30:00'),
(2, 60, 'D:/Videos/Editing/Il mio sport preferito/60-2', '2021-10-25', 'MRRDNC96B12H501B', '03:05:00'),
(3, 60, 'D:/Videos/Editing/Il mio sport preferito/60-3', '2021-10-26', 'MRCGRL88D14F205M', '07:30:00'),
(1, 61, 'D:/Videos/Editing/La mia famiglia/61-1', '2021-10-26', 'MRRDNC96B12H501B', '02:51:00'),
(2, 61, 'D:/Videos/Editing/La mia famiglia/61-2', '2021-10-28', 'BNNMRA98E43A131C', '06:08:00'),
(1, 62, 'D:/Videos/Editing/La mia città natale/62-1', '2021-10-29', 'GGRMRZ95T03H501T', '03:05:00'),
(2, 62, 'D:/Videos/Editing/La mia città natale/62-2', '2021-10-30', 'BNNMRA98E43A131C', '05:04:00'),
(1, 63, 'D:/Videos/Editing/Promo Nuovo Prodotto/63-1', '2022-01-05', 'FRZMNL87T26F205D', '02:50:00'),
(2, 63, 'D:/Videos/Editing/Promo Nuovo Prodotto/63-2', '2022-01-07', 'GGRMRZ95T03H501T', '02:44:00'),
(3, 63, 'D:/Videos/Editing/Promo Nuovo Prodotto/63-3', '2022-01-08', 'BNNMRA98E43A131C', '05:35:00'),
(1, 64, 'D:/Videos/Editing/Intervista Cliente Soddisfatto/64-1', '2022-01-16', 'MRCGRL88D14F205M', '04:07:00'),
(2, 64, 'D:/Videos/Editing/Intervista Cliente Soddisfatto/64-2', '2022-01-17', 'VLCGPP91M11A952L', '02:48:00'),
(3, 64, 'D:/Videos/Editing/Intervista Cliente Soddisfatto/64-3', '2022-01-18', 'MRCGRL88D14F205M', '02:39:00'),
(1, 65, 'D:/Videos/Editing/Tour Virtuale Nostro Ufficio/65-1', '2022-01-24', 'PSCGPP86A24F205Q', '07:52:00'),
(2, 65, 'D:/Videos/Editing/Tour Virtuale Nostro Ufficio/65-2', '2022-01-25', 'PSCGPP86A24F205Q', '01:46:00'),
(3, 65, 'D:/Videos/Editing/Tour Virtuale Nostro Ufficio/65-3', '2022-01-26', 'PSCGPP86A24F205Q', '03:47:00'),
(1, 66, 'D:/Videos/Editing/Tutorial Nuova Funzionalità/66-1', '2022-01-24', 'VLCGPP91M11A952L', '07:07:00'),
(2, 66, 'D:/Videos/Editing/Tutorial Nuova Funzionalità/66-2', '2022-01-27', 'MRRDNC96B12H501B', '06:11:00'),
(1, 67, 'D:/Videos/Editing/Storia di Successo Cliente/67-1', '2022-02-06', 'VLCGPP91M11A952L', '07:05:00'),
(2, 67, 'D:/Videos/Editing/Storia di Successo Cliente/67-2', '2022-02-08', 'MRCGRL88D14F205M', '07:07:00'),
(3, 67, 'D:/Videos/Editing/Storia di Successo Cliente/67-3', '2022-02-09', 'MRRDNC96B12H501B', '03:58:00'),
(1, 68, 'D:/Videos/Editing/Spot TV per il nostro Servizio/68-1', '2022-02-07', 'MRCGRL88D14F205M', '03:17:00'),
(2, 68, 'D:/Videos/Editing/Spot TV per il nostro Servizio/68-2', '2022-02-07', 'FRZMNL87T26F205D', '06:35:00'),
(1, 69, 'D:/Videos/Editing/Video Tutorial sul Nostro Prodotto/69-1', '2022-02-14', 'BNNMRA98E43A131C', '04:56:00'),
(2, 69, 'D:/Videos/Editing/Video Tutorial sul Nostro Prodotto/69-2', '2022-02-15', 'FRZMNL87T26F205D', '02:41:00'),
(3, 69, 'D:/Videos/Editing/Video Tutorial sul Nostro Prodotto/69-3', '2022-02-17', 'GGRMRZ95T03H501T', '02:31:00'),
(1, 70, 'D:/Videos/Editing/Evento per il Lancio del Nuovo Prodotto/70-1', '2022-02-16', 'VLCGPP91M11A952L', '05:29:00'),
(1, 71, 'D:/Videos/Editing/Intervista alla Startup/71-1', '2022-06-18', 'PSCGPP86A24F205Q', '07:52:00'),
(2, 71, 'D:/Videos/Editing/Intervista alla Startup/71-2', '2022-06-20', 'VLNNTN98A22F205C', '04:16:00'),
(3, 71, 'D:/Videos/Editing/Intervista alla Startup/71-3', '2022-06-21', 'BNNMRA98E43A131C', '07:15:00'),
(4, 71, 'D:/Videos/Editing/Intervista alla Startup/71-4', '2022-06-22', 'MRCGRL88D14F205M', '01:15:00'),
(1, 72, 'D:/Videos/Editing/Spot TV Prodotto/72-1', '2022-06-20', 'MRCGRL88D14F205M', '05:02:00'),
(2, 72, 'D:/Videos/Editing/Spot TV Prodotto/72-2', '2022-06-27', 'RSMRTR92A41A944K', '05:43:00'),
(3, 72, 'D:/Videos/Editing/Spot TV Prodotto/72-3', '2022-06-27', 'MRCGRL88D14F205M', '04:38:00'),
(1, 73, 'D:/Videos/Editing/Promo Social per Evento/73-1', '2022-07-04', 'BNNMRA98E43A131C', '03:08:00'),
(1, 74, 'D:/Videos/Editing/Intervista al CEO della Società/74-1', '2022-07-02', 'VLCGPP91M11A952L', '02:06:00'),
(1, 75, 'D:/Videos/Editing/Video Industriale per Clienti/75-1', '2022-07-13', 'RSMRTR92A41A944K', '03:17:00'),
(1, 76, 'D:/Videos/Editing/Tutorial Tecnologico/76-1', '2022-07-23', 'PSCGPP86A24F205Q', '07:09:00'),
(2, 76, 'D:/Videos/Editing/Tutorial Tecnologico/76-2', '2022-07-29', 'VLNNTN98A22F205C', '06:20:00'),
(1, 77, 'D:/Videos/Editing/Video Musicale per Nuovo Singolo/77-1', '2022-08-10', 'VLNNTN98A22F205C', '05:57:00'),
(1, 78, 'D:/Videos/Editing/Presentazione dell\'Ultimo Prodotto/78-1', '2022-08-23', 'BNNMRA98E43A131C', '02:57:00'),
(2, 78, 'D:/Videos/Editing/Presentazione dell\'Ultimo Prodotto/78-2', '2022-08-24', 'BNNMRA98E43A131C', '07:41:00'),
(3, 78, 'D:/Videos/Editing/Presentazione dell\'Ultimo Prodotto/78-3', '2022-08-26', 'MTTNSN94D08I138O', '07:58:00'),
(1, 79, 'D:/Videos/Editing/Riassunto dell\'Anno Scolastico/79-1', '2022-09-05', 'VLCGPP91M11A952L', '04:29:00'),
(1, 80, 'D:/Videos/Editing/Spot per l\'Apertura di un Nuovo Negozio/80-1', '2022-09-09', 'MRRDNC96B12H501B', '07:33:00'),
(2, 80, 'D:/Videos/Editing/Spot per l\'Apertura di un Nuovo Negozio/80-2', '2022-09-10', 'MRCGRL88D14F205M', '02:00:00'),
(1, 81, 'D:/Videos/Editing/Video Promozionale per l\'Evento Annuale/81-1', '2022-09-14', 'VLCGPP91M11A952L', '06:45:00'),
(2, 81, 'D:/Videos/Editing/Video Promozionale per l\'Evento Annuale/81-2', '2022-09-15', 'MTTNSN94D08I138O', '02:48:00'),
(1, 82, 'D:/Videos/Editing/Intervista al Nuovo Ingegnere Capo/82-1', '2022-09-25', 'FRZMNL87T26F205D', '04:47:00'),
(2, 82, 'D:/Videos/Editing/Intervista al Nuovo Ingegnere Capo/82-2', '2022-09-26', 'MRRDNC96B12H501B', '02:08:00'),
(3, 82, 'D:/Videos/Editing/Intervista al Nuovo Ingegnere Capo/82-3', '2022-09-28', 'FRZMNL87T26F205D', '03:39:00'),
(4, 82, 'D:/Videos/Editing/Intervista al Nuovo Ingegnere Capo/82-4', '2022-09-29', 'FRZMNL87T26F205D', '02:20:00'),
(1, 83, 'D:/Videos/Editing/Video di Formazione per Dipendenti/83-1', '2022-10-07', 'FRZMNL87T26F205D', '04:11:00'),
(1, 84, 'D:/Videos/Editing/Spot TV per la Nuova Campagna Pubblicitaria/84-1', '2022-10-23', 'MRRDNC96B12H501B', '04:20:00'),
(2, 84, 'D:/Videos/Editing/Spot TV per la Nuova Campagna Pubblicitaria/84-2', '2022-10-28', 'VLCGPP91M11A952L', '04:49:00'),
(1, 85, 'D:/Videos/Editing/Video per l\'Anniversario/85-1', '2022-11-01', 'VLNNTN98A22F205C', '06:52:00'),
(2, 85, 'D:/Videos/Editing/Video per l\'Anniversario/85-2', '2022-11-04', 'MTTNSN94D08I138O', '06:57:00'),
(3, 85, 'D:/Videos/Editing/Video per l\'Anniversario/85-3', '2022-11-06', 'GGRMRZ95T03H501T', '05:04:00'),
(1, 86, 'D:/Videos/Editing/Video Promozionale per la Nuova Collezione/86-1', '2022-11-17', 'MTTNSN94D08I138O', '06:09:00'),
(2, 86, 'D:/Videos/Editing/Video Promozionale per la Nuova Collezione/86-2', '2022-11-19', 'PSCGPP86A24F205Q', '03:31:00'),
(1, 87, 'D:/Videos/Editing/Video sicurezza sul lavoro/87-1', '2022-11-16', 'VLNNTN98A22F205C', '03:34:00'),
(1, 88, 'D:/Videos/Editing/Video promozionale/88-1', '2022-12-28', 'PSCGPP86A24F205Q', '07:59:00'),
(1, 89, 'D:/Videos/Editing/Video aziendale/89-1', '2022-12-31', 'GGRMRZ95T03H501T', '03:37:00'),
(2, 89, 'D:/Videos/Editing/Video aziendale/89-2', '2022-12-31', 'VLCGPP91M11A952L', '05:46:00'),
(1, 90, 'D:/Videos/Editing/Video tutorial/90-1', '2023-01-10', 'PSCGPP86A24F205Q', '06:55:00'),
(2, 90, 'D:/Videos/Editing/Video tutorial/90-2', '2023-01-12', 'RSMRTR92A41A944K', '06:59:00'),
(3, 90, 'D:/Videos/Editing/Video tutorial/90-3', '2023-01-13', 'FRZMNL87T26F205D', '07:13:00'),
(1, 91, 'D:/Videos/Editing/Video corso di formazione/91-1', '2023-01-22', 'VLNNTN98A22F205C', '04:11:00'),
(2, 91, 'D:/Videos/Editing/Video corso di formazione/91-2', '2023-01-26', 'MRRDNC96B12H501B', '06:19:00'),
(1, 92, 'D:/Videos/Editing/Spot pubblicitario/92-1', '2023-01-22', 'VLNNTN98A22F205C', '05:10:00'),
(2, 92, 'D:/Videos/Editing/Spot pubblicitario/92-2', '2023-01-24', 'MRRDNC96B12H501B', '03:31:00'),
(3, 92, 'D:/Videos/Editing/Spot pubblicitario/92-3', '2023-01-28', 'VLCGPP91M11A952L', '07:16:00'),
(1, 93, 'D:/Videos/Editing/Intervista al direttore/93-1', '2023-01-27', 'RSMRTR92A41A944K', '02:36:00'),
(2, 93, 'D:/Videos/Editing/Intervista al direttore/93-2', '2023-01-31', 'PSCGPP86A24F205Q', '03:26:00'),
(3, 93, 'D:/Videos/Editing/Intervista al direttore/93-3', '2023-01-31', 'PSCGPP86A24F205Q', '05:27:00'),
(1, 94, 'D:/Videos/Editing/Video backstage/94-1', '2023-02-04', 'BNNMRA98E43A131C', '04:41:00'),
(1, 95, 'D:/Videos/Editing/Video sportivo/95-1', '2023-03-02', 'BNNMRA98E43A131C', '01:29:00'),
(2, 95, 'D:/Videos/Editing/Video sportivo/95-2', '2023-03-04', 'PSCGPP86A24F205Q', '05:11:00'),
(3, 95, 'D:/Videos/Editing/Video sportivo/95-3', '2023-03-05', 'PSCGPP86A24F205Q', '03:17:00'),
(1, 96, 'D:/Videos/Editing/Video musicale/96-1', '2023-03-13', 'MRCGRL88D14F205M', '06:45:00'),
(1, 97, 'D:/Videos/Editing/Video promozionale/97-1', '2023-03-21', 'PSCGPP86A24F205Q', '01:41:00'),
(1, 98, 'D:/Videos/Editing/La via del vento/98-1', '2023-04-22', 'MTTNSN94D08I138O', '02:50:00'),
(2, 98, 'D:/Videos/Editing/La via del vento/98-2', '2023-04-25', 'FRZMNL87T26F205D', '01:05:00'),
(3, 98, 'D:/Videos/Editing/La via del vento/98-3', '2023-04-26', 'BNNMRA98E43A131C', '06:37:00');

INSERT INTO Ripresa (CodiceRipresa, Giorno, OrarioInizio, Durata, Salvataggio, Dipendente, Videocamera) VALUES
(1,'2019-12-18','10:15:00','03:30:00','D:/Videos/Riprese/1','SLVBLN98C16G286D','PGH5E1029325470'),
(2,'2019-12-18','11:00:00','02:20:00','D:/Videos/Riprese/2','RSMRTR92A41A944K','CR5M13851036985'),
(3,'2019-12-24','07:00:00','04:40:00','D:/Videos/Riprese/3','SLVBLN98C16G286D','SFX943009852236'),
(4,'2019-12-28','11:00:00','02:40:00','D:/Videos/Riprese/4','FRZMNL87T26F205D','SFX943009852236'),
(5,'2019-12-29','08:00:00','04:10:00','D:/Videos/Riprese/5','SLVBLN98C16G286D','PGH5E1029325470'),
(6,'2020-01-03','12:00:00','02:20:00','D:/Videos/Riprese/6','FRZMNL87T26F205D','SZV417413692038'),
(7,'2020-01-03','17:00:00','01:30:00','D:/Videos/Riprese/7','FRZMNL87T26F205D','RKM4K6302147520'),
(8,'2020-01-09','14:00:00','04:00:00','D:/Videos/Riprese/8','GRNLDR97R22F205Z','SZV417413692038'),
(9,'2020-01-15','15:00:00','04:20:00','D:/Videos/Riprese/9','MTTNSN94D08I138O','BCCP60398512058'),
(10,'2020-01-18','10:15:00','03:00:00','D:/Videos/Riprese/10','GRNLDR97R22F205Z','CXF511147582036'),
(11,'2020-01-18','13:00:00','02:40:00','D:/Videos/Riprese/11','FRZMNL87T26F205D','SZV417413692038'),
(12,'2020-01-24','15:00:00','03:40:00','D:/Videos/Riprese/12','GRNLDR97R22F205Z','SFX943009852236'),
(13,'2020-01-29','15:00:00','01:10:00','D:/Videos/Riprese/13','PSCGPP86A24F205Q','PS1H11339874500'),
(14,'2020-01-30','19:00:00','04:00:00','D:/Videos/Riprese/14','MRRDNC96B12H501B','CR5M13851036985'),
(15,'2020-01-31','17:00:00','01:10:00','D:/Videos/Riprese/15','FNSFNC91B23D612K','BUM126698510187'),
(16,'2020-02-04','19:00:00','04:20:00','D:/Videos/Riprese/16','LNDRNG93R15H501O','PGH5E1029325470'),
(17,'2020-02-10','23:00:00','02:20:00','D:/Videos/Riprese/17','LNDRNG93R15H501O','BUM126698510187'),
(18,'2020-02-11','08:15:00','03:00:00','D:/Videos/Riprese/18','FNSFNC91B23D612K','SZV417413692038'),
(19,'2020-02-12','12:00:00','03:00:00','D:/Videos/Riprese/19','LNDRNG93R15H501O','PS1H11339874500'),
(20,'2020-02-13','15:00:00','03:30:00','D:/Videos/Riprese/20','RSMRTR92A41A944K','CR5M13851036985'),
(21,'2020-02-14','10:00:00','02:40:00','D:/Videos/Riprese/21','GRNLDR97R22F205Z','PGH5E1029325470'),
(22,'2020-02-18','09:00:00','01:20:00','D:/Videos/Riprese/22','FNSFNC91B23D612K','BUM126698510187'),
(23,'2020-02-20','07:00:00','03:00:00','D:/Videos/Riprese/23','LNDRNG93R15H501O','CR5M13851036985'),
(24,'2020-02-22','10:00:00','03:10:00','D:/Videos/Riprese/24','RSMRTR92A41A944K','SZV417413692038'),
(25,'2020-02-24','07:00:00','02:10:00','D:/Videos/Riprese/25','MRRDNC96B12H501B','PGH5E1029325470'),
(26,'2020-03-02','07:00:00','02:40:00','D:/Videos/Riprese/26','GRNLDR97R22F205Z','SZV417413692038'),
(27,'2020-03-03','07:00:00','01:30:00','D:/Videos/Riprese/27','GRNLDR97R22F205Z','CXF511147582036'),
(28,'2020-03-09','09:00:00','01:40:00','D:/Videos/Riprese/28','MTTNSN94D08I138O','BCCP60398512058'),
(29,'2020-03-10','0:00:00','04:30:00','D:/Videos/Riprese/29','MRRDNC96B12H501B','PGH5E1029325470'),
(30,'2020-03-16','07:00:00','02:00:00','D:/Videos/Riprese/30','GRNLDR97R22F205Z','PGH5E1029325470'),
(31,'2020-03-19','06:00:00','05:40:00','D:/Videos/Riprese/31','FRZMNL87T26F205D','SZV417413692038'),
(32,'2020-03-24','05:00:00','03:40:00','D:/Videos/Riprese/32','RSMRTR92A41A944K','CR5M13851036985'),
(33,'2020-03-28','07:15:00','04:40:00','D:/Videos/Riprese/33','MTTNSN94D08I138O','PS1H11339874500'),
(34,'2020-04-04','08:00:00','02:40:00','D:/Videos/Riprese/34','PSCGPP86A24F205Q','CR5M13851036985'),
(35,'2020-04-05','10:00:00','03:10:00','D:/Videos/Riprese/35','SLVBLN98C16G286D','PGH5E1029325470'),
(36,'2020-04-08','08:30:00','04:20:00','D:/Videos/Riprese/36','FRZMNL87T26F205D','BUM126698510187'),
(37,'2020-04-11','09:00:00','04:10:00','D:/Videos/Riprese/37','FRZMNL87T26F205D','S7SM24523950239'),
(38,'2020-04-17','13:00:00','02:10:00','D:/Videos/Riprese/38','GRNLDR97R22F205Z','CXF511147582036'),
(39,'2020-04-17','16:00:00','01:00:00','D:/Videos/Riprese/39','LNDRNG93R15H501O','PGH5E1029325470'),
(40,'2020-04-20','11:50:00','04:20:00','D:/Videos/Riprese/40','FNSFNC91B23D612K','RKM4K6302147520'),
(41,'2020-04-24','09:00:00','01:30:00','D:/Videos/Riprese/41','GRNLDR97R22F205Z','BUM126698510187'),
(42,'2020-04-27','07:00:00','04:40:00','D:/Videos/Riprese/42','PSCGPP86A24F205Q','CXF511147582036'),
(43,'2020-05-03','09:00:00','03:10:00','D:/Videos/Riprese/43','MTTNSN94D08I138O','BUM126698510187'),
(44,'2020-05-09','09:00:00','02:20:00','D:/Videos/Riprese/44','GRNLDR97R22F205Z','CR5M13851036985'),
(45,'2020-05-11','09:00:00','03:10:00','D:/Videos/Riprese/45','RSMRTR92A41A944K','SZV417413692038'),
(46,'2020-05-14','10:00:00','04:40:00','D:/Videos/Riprese/46','GRDGLB93H15D086T','PGH5E1029325470'),
(47,'2020-05-15','11:00:00','02:00:00','D:/Videos/Riprese/47','FNSFNC91B23D612K','S7SM24523950239'),
(48,'2020-05-21','14:00:00','03:30:00','D:/Videos/Riprese/48','FNSFNC91B23D612K','PS1H11339874500'),
(49,'2020-05-24','10:00:00','02:10:00','D:/Videos/Riprese/49','FRZMNL87T26F205D','S7SM24523950239'),
(50,'2020-05-28','11:00:00','02:30:00','D:/Videos/Riprese/50','PSCGPP86A24F205Q','SFX943009852236'),
(51,'2020-05-31','13:00:00','01:10:00','D:/Videos/Riprese/51','GRDGLB93H15D086T','RKM4K6302147520'),
(52,'2020-05-31','12:00:00','01:00:00','D:/Videos/Riprese/52','MRRDNC96B12H501B','BUM126698510187'),
(53,'2020-06-03','13:00:00','02:10:00','D:/Videos/Riprese/53','SLVBLN98C16G286D','S7SM24523950239'),
(54,'2020-06-07','10:20:00','01:10:00','D:/Videos/Riprese/54','RSMRTR92A41A944K','PGH5E1029325470'),
(55,'2020-06-13','05:50:00','04:40:00','D:/Videos/Riprese/55','MRRDNC96B12H501B','BCCP60398512058'),
(56,'2020-06-14','08:00:00','02:30:00','D:/Videos/Riprese/56','PSCGPP86A24F205Q','CXF511147582036'),
(57,'2020-06-15','12:00:00','02:00:00','D:/Videos/Riprese/57','FRZMNL87T26F205D','RKM4K6302147520'),
(58,'2020-06-18','08:40:00','03:10:00','D:/Videos/Riprese/58','FNSFNC91B23D612K','BCCP60398512058'),
(59,'2020-06-25','05:00:00','04:30:00','D:/Videos/Riprese/59','GRNLDR97R22F205Z','BCCP60398512058'),
(60,'2020-06-29','06:00:00','02:10:00','D:/Videos/Riprese/60','FRZMNL87T26F205D','SZV417413692038'),
(61,'2020-06-30','07:00:00','02:40:00','D:/Videos/Riprese/61','RSMRTR92A41A944K','PGH5E1029325470'),
(62,'2020-07-03','07:00:00','02:00:00','D:/Videos/Riprese/62','SLVBLN98C16G286D','PGH5E1029325470'),
(63,'2020-07-08','07:00:00','01:20:00','D:/Videos/Riprese/63','MRRDNC96B12H501B','PGH5E1029325470'),
(64,'2020-07-14','10:30:00','03:30:00','D:/Videos/Riprese/64','MRRDNC96B12H501B','RKM4K6302147520'),
(65,'2020-07-18','12:00:00','03:40:00','D:/Videos/Riprese/65','GRNLDR97R22F205Z','CR5M13851036985'),
(66,'2020-07-20','16:00:00','01:30:00','D:/Videos/Riprese/66','RSMRTR92A41A944K','SFX943009852236'),
(67,'2020-07-25','17:00:00','02:20:00','D:/Videos/Riprese/67','GRDGLB93H15D086T','CXF511147582036'),
(68,'2020-07-29','20:00:00','01:40:00','D:/Videos/Riprese/68','MRRDNC96B12H501B','PGH5E1029325470'),
(69,'2020-08-04','07:00:00','02:30:00','D:/Videos/Riprese/69','GRNLDR97R22F205Z','SFX943009852236'),
(70,'2020-08-07','09:00:00','04:40:00','D:/Videos/Riprese/70','MTTNSN94D08I138O','BCCP60398512058'),
(71,'2020-08-13','08:00:00','02:30:00','D:/Videos/Riprese/71','FRZMNL87T26F205D','PGH5E1029325470'),
(72,'2020-08-19','05:00:00','03:40:00','D:/Videos/Riprese/72','PSCGPP86A24F205Q','PGH5E1029325470'),
(73,'2020-08-26','08:00:00','01:10:00','D:/Videos/Riprese/73','RSMRTR92A41A944K','PS1H11339874500'),
(74,'2020-08-31','08:30:00','04:20:00','D:/Videos/Riprese/74','GRNLDR97R22F205Z','SZV417413692038'),
(75,'2020-09-02','08:00:00','02:30:00','D:/Videos/Riprese/75','SLVBLN98C16G286D','RKM4K6302147520'),
(76,'2020-09-04','07:00:00','03:20:00','D:/Videos/Riprese/76','LNDRNG93R15H501O','RKM4K6302147520'),
(77,'2020-09-06','06:00:00','01:20:00','D:/Videos/Riprese/77','RSMRTR92A41A944K','PGH5E1029325470'),
(78,'2020-09-12','05:40:00','04:40:00','D:/Videos/Riprese/78','MRRDNC96B12H501B','PGH5E1029325470'),
(79,'2020-09-14','09:00:00','01:30:00','D:/Videos/Riprese/79','LNDRNG93R15H501O','CXF511147582036'),
(80,'2020-09-14','07:40:00','03:30:00','D:/Videos/Riprese/80','PSCGPP86A24F205Q','BUM126698510187'),
(81,'2020-09-16','07:00:00','04:10:00','D:/Videos/Riprese/81','FRZMNL87T26F205D','PS1H11339874500'),
(82,'2020-09-21','07:00:00','02:20:00','D:/Videos/Riprese/82','LNDRNG93R15H501O','PS1H11339874500'),
(83,'2020-09-27','08:00:00','02:20:00','D:/Videos/Riprese/83','SLVBLN98C16G286D','S7SM24523950239'),
(84,'2020-10-01','08:00:00','02:10:00','D:/Videos/Riprese/84','FRZMNL87T26F205D','SFX943009852236'),
(85,'2020-10-04','09:00:00','04:10:00','D:/Videos/Riprese/85','GRNLDR97R22F205Z','PS1H11339874500'),
(86,'2020-10-05','08:00:00','01:20:00','D:/Videos/Riprese/86','FNSFNC91B23D612K','SFX943009852236'),
(87,'2020-10-08','10:30:00','03:10:00','D:/Videos/Riprese/87','RSMRTR92A41A944K','SZV417413692038'),
(88,'2020-10-10','09:00:00','03:30:00','D:/Videos/Riprese/88','SLVBLN98C16G286D','BUM126698510187'),
(89,'2020-10-16','08:00:00','04:10:00','D:/Videos/Riprese/89','MRRDNC96B12H501B','BCCP60398512058'),
(90,'2020-10-20','10:00:00','03:00:00','D:/Videos/Riprese/90','PSCGPP86A24F205Q','S7SM24523950239'),
(91,'2020-10-21','06:00:00','02:10:00','D:/Videos/Riprese/91','RSMRTR92A41A944K','S7SM24523950239'),
(92,'2020-10-21','08:00:00','04:20:00','D:/Videos/Riprese/92','GRNLDR97R22F205Z','CXF511147582036'),
(93,'2020-10-31','06:00:00','04:10:00','D:/Videos/Riprese/93','SLVBLN98C16G286D','SFX943009852236'),
(94,'2020-11-07','07:20:00','01:00:00','D:/Videos/Riprese/94','GRNLDR97R22F205Z','SFX943009852236'),
(95,'2020-11-13','07:00:00','03:40:00','D:/Videos/Riprese/95','MRRDNC96B12H501B','SFX943009852236'),
(96,'2020-11-16','08:00:00','03:00:00','D:/Videos/Riprese/96','MTTNSN94D08I138O','CR5M13851036985'),
(97,'2020-11-18','08:00:00','02:40:00','D:/Videos/Riprese/97','LNDRNG93R15H501O','PGH5E1029325470'),
(98,'2020-11-20','09:30:00','02:20:00','D:/Videos/Riprese/98','RSMRTR92A41A944K','PGH5E1029325470'),
(99,'2020-11-23','05:00:00','02:30:00','D:/Videos/Riprese/99','FNSFNC91B23D612K','SZV417413692038'),
(100,'2020-11-30','08:00:00','01:30:00','D:/Videos/Riprese/100','GRDGLB93H15D086T','PS1H11339874500'),
(101,'2020-12-05','06:00:00','02:40:00','D:/Videos/Riprese/101','RSMRTR92A41A944K','CR5M13851036985'),
(102,'2020-12-08','08:00:00','04:10:00','D:/Videos/Riprese/102','GRDGLB93H15D086T','CR5M13851036985'),
(103,'2020-12-12','11:00:00','01:30:00','D:/Videos/Riprese/103','GRDGLB93H15D086T','PGH5E1029325470'),
(104,'2020-12-13','14:00:00','04:10:00','D:/Videos/Riprese/104','MTTNSN94D08I138O','PGH5E1029325470'),
(105,'2020-12-19','17:00:00','02:40:00','D:/Videos/Riprese/105','RSMRTR92A41A944K','BCCP60398512058'),
(106,'2020-12-24','17:00:00','01:40:00','D:/Videos/Riprese/106','GRDGLB93H15D086T','CR5M13851036985'),
(107,'2020-12-30','21:30:00','02:00:00','D:/Videos/Riprese/107','MRRDNC96B12H501B','SFX943009852236'),
(108,'2021-01-04','16:00:00','02:00:00','D:/Videos/Riprese/108','PSCGPP86A24F205Q','BUM126698510187'),
(109,'2021-01-10','13:00:00','02:20:00','D:/Videos/Riprese/109','MRRDNC96B12H501B','SFX943009852236'),
(110,'2021-01-13','12:00:00','02:20:00','D:/Videos/Riprese/110','LNDRNG93R15H501O','SFX943009852236'),
(111,'2021-01-13','18:00:00','03:00:00','D:/Videos/Riprese/111','SLVBLN98C16G286D','SFX943009852236'),
(112,'2021-01-19','09:20:00','03:00:00','D:/Videos/Riprese/112','MRRDNC96B12H501B','S7SM24523950239'),
(113,'2021-01-25','08:00:00','02:40:00','D:/Videos/Riprese/113','FNSFNC91B23D612K','BCCP60398512058'),
(114,'2021-01-26','07:00:00','01:00:00','D:/Videos/Riprese/114','FNSFNC91B23D612K','S7SM24523950239'),
(115,'2021-01-01','08:20:00','04:00:00','D:/Videos/Riprese/115','RSMRTR92A41A944K','CR5M13851036985'),
(116,'2021-02-02','11:00:00','04:20:00','D:/Videos/Riprese/116','RSMRTR92A41A944K','PS1H11339874500'),
(117,'2021-02-06','11:00:00','03:30:00','D:/Videos/Riprese/117','MTTNSN94D08I138O','BUM126698510187'),
(118,'2021-02-06','18:30:00','02:40:00','D:/Videos/Riprese/118','MRRDNC96B12H501B','BUM126698510187'),
(119,'2021-02-09','12:00:00','03:10:00','D:/Videos/Riprese/119','LNDRNG93R15H501O','PGH5E1029325470'),
(120,'2021-02-12','09:00:00','03:00:00','D:/Videos/Riprese/120','GRNLDR97R22F205Z','CR5M13851036985'),
(121,'2021-02-14','07:30:00','04:00:00','D:/Videos/Riprese/121','LNDRNG93R15H501O','S7SM24523950239'),
(122,'2021-02-21','06:00:00','04:10:00','D:/Videos/Riprese/122','GRDGLB93H15D086T','SZV417413692038'),
(123,'2021-02-27','07:00:00','04:20:00','D:/Videos/Riprese/123','FRZMNL87T26F205D','PGH5E1029325470'),
(124,'2021-02-26','09:30:00','03:40:00','D:/Videos/Riprese/124','MTTNSN94D08I138O','BUM126698510187'),
(125,'2021-03-06','13:00:00','03:30:00','D:/Videos/Riprese/125','FNSFNC91B23D612K','PS1H11339874500'),
(126,'2021-03-12','15:30:00','04:20:00','D:/Videos/Riprese/126','MRRDNC96B12H501B','CR5M13851036985'),
(127,'2021-03-15','13:00:00','01:10:00','D:/Videos/Riprese/127','MRRDNC96B12H501B','BCCP60398512058'),
(128,'2021-03-15','09:00:00','03:30:00','D:/Videos/Riprese/128','FNSFNC91B23D612K','SFX943009852236'),
(129,'2021-03-22','05:00:00','03:00:00','D:/Videos/Riprese/129','FNSFNC91B23D612K','PS1H11339874500'),
(130,'2021-03-25','07:00:00','01:20:00','D:/Videos/Riprese/130','RSMRTR92A41A944K','SFX943009852236'),
(131,'2021-04-01','07:00:00','03:10:00','D:/Videos/Riprese/131','FNSFNC91B23D612K','S7SM24523950239'),
(132,'2021-04-07','11:00:00','03:10:00','D:/Videos/Riprese/132','SLVBLN98C16G286D','PGH5E1029325470'),
(133,'2021-04-09','13:00:00','02:00:00','D:/Videos/Riprese/133','FRZMNL87T26F205D','S7SM24523950239'),
(134,'2021-04-11','09:20:00','03:10:00','D:/Videos/Riprese/134','PSCGPP86A24F205Q','CXF511147582036'),
(135,'2021-04-12','08:00:00','03:10:00','D:/Videos/Riprese/135','LNDRNG93R15H501O','CR5M13851036985'),
(136,'2021-04-14','08:00:00','02:00:00','D:/Videos/Riprese/136','FNSFNC91B23D612K','BUM126698510187'),
(137,'2021-04-18','09:00:00','02:40:00','D:/Videos/Riprese/137','MTTNSN94D08I138O','SFX943009852236'),
(138,'2021-04-19','12:00:00','02:30:00','D:/Videos/Riprese/138','GRNLDR97R22F205Z','SZV417413692038'),
(139,'2021-04-24','07:00:00','03:30:00','D:/Videos/Riprese/139','FRZMNL87T26F205D','CR5M13851036985'),
(140,'2021-04-27','05:50:00','02:40:00','D:/Videos/Riprese/140','PSCGPP86A24F205Q','S7SM24523950239'),
(141,'2021-04-30','05:00:00','03:00:00','D:/Videos/Riprese/141','SLVBLN98C16G286D','RKM4K6302147520'),
(142,'2021-05-03','05:00:00','01:40:00','D:/Videos/Riprese/142','GRNLDR97R22F205Z','BCCP60398512058'),
(143,'2021-05-05','08:00:00','04:30:00','D:/Videos/Riprese/143','GRDGLB93H15D086T','CXF511147582036'),
(144,'2021-05-05','09:20:00','02:40:00','D:/Videos/Riprese/144','LNDRNG93R15H501O','S7SM24523950239'),
(145,'2021-05-15','11:00:00','01:30:00','D:/Videos/Riprese/145','MTTNSN94D08I138O','S7SM24523950239'),
(146,'2021-05-19','05:00:00','03:10:00','D:/Videos/Riprese/146','MRRDNC96B12H501B','PGH5E1029325470'),
(147,'2021-05-23','07:00:00','02:10:00','D:/Videos/Riprese/147','LNDRNG93R15H501O','PGH5E1029325470'),
(148,'2021-05-27','06:00:00','01:10:00','D:/Videos/Riprese/148','GRNLDR97R22F205Z','BUM126698510187'),
(149,'2021-05-30','06:00:00','04:40:00','D:/Videos/Riprese/149','RSMRTR92A41A944K','SFX943009852236'),
(150,'2021-06-03','07:00:00','02:10:00','D:/Videos/Riprese/150','LNDRNG93R15H501O','BCCP60398512058'),
(151,'2021-06-05','05:00:00','04:10:00','D:/Videos/Riprese/151','FNSFNC91B23D612K','BCCP60398512058'),
(152,'2021-06-06','07:00:00','03:10:00','D:/Videos/Riprese/152','SLVBLN98C16G286D','PS1H11339874500'),
(153,'2021-06-08','07:00:00','02:10:00','D:/Videos/Riprese/153','GRNLDR97R22F205Z','SFX943009852236'),
(154,'2021-06-08','08:15:00','01:40:00','D:/Videos/Riprese/154','RSMRTR92A41A944K','BUM126698510187'),
(155,'2021-06-13','10:00:00','04:00:00','D:/Videos/Riprese/155','MTTNSN94D08I138O','CXF511147582036'),
(156,'2021-06-15','08:00:00','03:30:00','D:/Videos/Riprese/156','RSMRTR92A41A944K','SZV417413692038'),
(157,'2021-06-21','12:00:00','01:10:00','D:/Videos/Riprese/157','SLVBLN98C16G286D','RKM4K6302147520'),
(158,'2021-06-24','14:00:00','02:40:00','D:/Videos/Riprese/158','GRDGLB93H15D086T','PGH5E1029325470'),
(159,'2021-06-27','09:00:00','02:00:00','D:/Videos/Riprese/159','SLVBLN98C16G286D','RKM4K6302147520'),
(160,'2021-07-03','09:00:00','03:30:00','D:/Videos/Riprese/160','MRRDNC96B12H501B','PGH5E1029325470'),
(161,'2021-07-03','13:00:00','03:40:00','D:/Videos/Riprese/161','MTTNSN94D08I138O','BCCP60398512058'),
(162,'2021-07-02','10:00:00','02:20:00','D:/Videos/Riprese/162','RSMRTR92A41A944K','CR5M13851036985'),
(163,'2021-07-11','09:00:00','02:00:00','D:/Videos/Riprese/163','MRRDNC96B12H501B','CR5M13851036985'),
(164,'2021-07-13','11:15:00','04:00:00','D:/Videos/Riprese/164','MRRDNC96B12H501B','CR5M13851036985'),
(165,'2021-07-15','06:00:00','01:00:00','D:/Videos/Riprese/165','RSMRTR92A41A944K','PS1H11339874500'),
(166,'2021-07-26','08:00:00','03:40:00','D:/Videos/Riprese/166','SLVBLN98C16G286D','RKM4K6302147520'),
(167,'2021-07-28','06:00:00','03:40:00','D:/Videos/Riprese/167','PSCGPP86A24F205Q','BCCP60398512058'),
(168,'2021-08-01','09:20:00','01:00:00','D:/Videos/Riprese/168','LNDRNG93R15H501O','PS1H11339874500'),
(169,'2021-08-01','09:00:00','02:20:00','D:/Videos/Riprese/169','GRNLDR97R22F205Z','CR5M13851036985'),
(170,'2021-08-01','09:00:00','03:40:00','D:/Videos/Riprese/170','MRRDNC96B12H501B','SFX943009852236'),
(171,'2021-08-08','10:00:00','03:00:00','D:/Videos/Riprese/171','MRRDNC96B12H501B','CR5M13851036985'),
(172,'2021-08-12','11:00:00','01:10:00','D:/Videos/Riprese/172','PSCGPP86A24F205Q','BCCP60398512058'),
(173,'2021-08-15','14:30:00','04:40:00','D:/Videos/Riprese/173','LNDRNG93R15H501O','CR5M13851036985'),
(174,'2021-08-16','10:00:00','03:00:00','D:/Videos/Riprese/174','GRDGLB93H15D086T','SZV417413692038'),
(175,'2021-08-17','11:00:00','01:10:00','D:/Videos/Riprese/175','PSCGPP86A24F205Q','BUM126698510187'),
(176,'2021-08-18','10:00:00','01:00:00','D:/Videos/Riprese/176','FNSFNC91B23D612K','PGH5E1029325470'),
(177,'2021-08-19','14:00:00','03:30:00','D:/Videos/Riprese/177','MRRDNC96B12H501B','CR5M13851036985'),
(178,'2021-08-19','09:00:00','01:20:00','D:/Videos/Riprese/178','SLVBLN98C16G286D','BCCP60398512058'),
(179,'2021-08-25','07:00:00','04:00:00','D:/Videos/Riprese/179','RSMRTR92A41A944K','CR5M13851036985'),
(180,'2021-08-30','08:00:00','01:40:00','D:/Videos/Riprese/180','GRNLDR97R22F205Z','RKM4K6302147520'),
(181,'2021-09-01','09:00:00','01:20:00','D:/Videos/Riprese/181','RSMRTR92A41A944K','CR5M13851036985'),
(182,'2021-09-04','13:15:00','01:10:00','D:/Videos/Riprese/182','MTTNSN94D08I138O','BCCP60398512058'),
(183,'2021-09-08','17:00:00','04:00:00','D:/Videos/Riprese/183','RSMRTR92A41A944K','S7SM24523950239'),
(184,'2021-09-13','21:00:00','04:10:00','D:/Videos/Riprese/184','FRZMNL87T26F205D','CR5M13851036985'),
(185,'2021-09-19','17:00:00','01:20:00','D:/Videos/Riprese/185','MRRDNC96B12H501B','BUM126698510187'),
(186,'2021-09-23','12:00:00','01:30:00','D:/Videos/Riprese/186','SLVBLN98C16G286D','BCCP60398512058'),
(187,'2021-09-29','12:00:00','04:40:00','D:/Videos/Riprese/187','MRRDNC96B12H501B','PGH5E1029325470'),
(188,'2021-10-05','16:15:00','01:40:00','D:/Videos/Riprese/188','PSCGPP86A24F205Q','BCCP60398512058'),
(189,'2021-10-11','16:00:00','03:40:00','D:/Videos/Riprese/189','FNSFNC91B23D612K','CXF511147582036'),
(190,'2021-10-13','14:00:00','04:20:00','D:/Videos/Riprese/190','MRRDNC96B12H501B','PS1H11339874500'),
(191,'2021-10-16','10:00:00','02:10:00','D:/Videos/Riprese/191','FNSFNC91B23D612K','SZV417413692038'),
(192,'2021-10-16','11:00:00','02:10:00','D:/Videos/Riprese/192','PSCGPP86A24F205Q','PS1H11339874500'),
(193,'2021-10-21','07:00:00','03:10:00','D:/Videos/Riprese/193','GRNLDR97R22F205Z','PS1H11339874500'),
(194,'2021-10-22','10:15:00','04:00:00','D:/Videos/Riprese/194','GRDGLB93H15D086T','PGH5E1029325470'),
(195,'2021-10-26','11:00:00','04:20:00','D:/Videos/Riprese/195','PSCGPP86A24F205Q','CR5M13851036985'),
(196,'2021-10-28','10:00:00','03:30:00','D:/Videos/Riprese/196','SLVBLN98C16G286D','S7SM24523950239'),
(197,'2021-11-03','11:00:00','03:30:00','D:/Videos/Riprese/197','MRRDNC96B12H501B','S7SM24523950239'),
(198,'2021-11-08','10:00:00','04:00:00','D:/Videos/Riprese/198','PSCGPP86A24F205Q','BCCP60398512058'),
(199,'2021-11-11','14:00:00','01:40:00','D:/Videos/Riprese/199','GRDGLB93H15D086T','CXF511147582036'),
(200,'2021-11-15','17:30:00','03:40:00','D:/Videos/Riprese/200','MRRDNC96B12H501B','SFX943009852236'),
(201,'2021-11-16','18:00:00','03:20:00','D:/Videos/Riprese/201','MTTNSN94D08I138O','SZV417413692038'),
(202,'2021-11-17','13:00:00','03:20:00','D:/Videos/Riprese/202','RSMRTR92A41A944K','CXF511147582036'),
(203,'2021-11-21','15:00:00','02:10:00','D:/Videos/Riprese/203','PSCGPP86A24F205Q','PS1H11339874500'),
(204,'2021-11-25','12:20:00','03:20:00','D:/Videos/Riprese/204','GRNLDR97R22F205Z','SZV417413692038'),
(205,'2021-11-28','13:00:00','04:00:00','D:/Videos/Riprese/205','GRDGLB93H15D086T','SFX943009852236'),
(206,'2021-11-28','13:30:00','03:20:00','D:/Videos/Riprese/206','PSCGPP86A24F205Q','CR5M13851036985'),
(207,'2021-11-28','15:00:00','01:10:00','D:/Videos/Riprese/207','RSMRTR92A41A944K','PS1H11339874500'),
(208,'2021-12-04','13:00:00','04:20:00','D:/Videos/Riprese/208','FRZMNL87T26F205D','RKM4K6302147520'),
(209,'2021-12-05','17:00:00','03:00:00','D:/Videos/Riprese/209','FNSFNC91B23D612K','CR5M13851036985'),
(210,'2021-12-11','19:00:00','02:10:00','D:/Videos/Riprese/210','RSMRTR92A41A944K','SFX943009852236'),
(211,'2021-12-11','19:00:00','03:20:00','D:/Videos/Riprese/211','FRZMNL87T26F205D','PS1H11339874500'),
(212,'2021-12-14','22:00:00','02:30:00','D:/Videos/Riprese/212','MTTNSN94D08I138O','BUM126698510187'),
(213,'2021-12-19','05:30:00','02:30:00','D:/Videos/Riprese/213','GRNLDR97R22F205Z','S7SM24523950239'),
(214,'2021-12-22','07:00:00','01:00:00','D:/Videos/Riprese/214','GRNLDR97R22F205Z','PGH5E1029325470'),
(215,'2021-12-24','08:00:00','01:20:00','D:/Videos/Riprese/215','LNDRNG93R15H501O','SZV417413692038'),
(216,'2021-12-26','08:00:00','02:00:00','D:/Videos/Riprese/216','FRZMNL87T26F205D','CR5M13851036985'),
(217,'2021-12-29','07:00:00','04:30:00','D:/Videos/Riprese/217','MRRDNC96B12H501B','PS1H11339874500'),
(218,'2021-12-29','09:20:00','02:00:00','D:/Videos/Riprese/218','SLVBLN98C16G286D','SZV417413692038'),
(219,'2022-01-05','05:00:00','02:10:00','D:/Videos/Riprese/219','GRDGLB93H15D086T','CXF511147582036'),
(220,'2022-01-08','06:00:00','03:10:00','D:/Videos/Riprese/220','LNDRNG93R15H501O','SZV417413692038'),
(221,'2022-01-14','05:00:00','01:10:00','D:/Videos/Riprese/221','MTTNSN94D08I138O','CXF511147582036'),
(222,'2022-01-19','05:00:00','03:10:00','D:/Videos/Riprese/222','SLVBLN98C16G286D','SZV417413692038'),
(223,'2022-01-21','07:10:00','03:20:00','D:/Videos/Riprese/223','PSCGPP86A24F205Q','BUM126698510187'),
(224,'2022-01-21','17:00:00','02:20:00','D:/Videos/Riprese/224','RSMRTR92A41A944K','BCCP60398512058'),
(225,'2022-01-23','11:00:00','01:00:00','D:/Videos/Riprese/225','MTTNSN94D08I138O','PS1H11339874500'),
(226,'2022-01-23','13:00:00','02:10:00','D:/Videos/Riprese/226','GRNLDR97R22F205Z','BCCP60398512058'),
(227,'2022-01-23','10:00:00','01:10:00','D:/Videos/Riprese/227','SLVBLN98C16G286D','SZV417413692038'),
(228,'2022-01-28','08:00:00','04:10:00','D:/Videos/Riprese/228','RSMRTR92A41A944K','BUM126698510187'),
(229,'2022-01-31','06:00:00','03:10:00','D:/Videos/Riprese/229','MTTNSN94D08I138O','S7SM24523950239'),
(230,'2022-02-02','08:30:00','04:10:00','D:/Videos/Riprese/230','PSCGPP86A24F205Q','RKM4K6302147520'),
(231,'2022-02-05','06:00:00','03:40:00','D:/Videos/Riprese/231','GRDGLB93H15D086T','CXF511147582036'),
(232,'2022-02-12','05:00:00','02:10:00','D:/Videos/Riprese/232','MTTNSN94D08I138O','BUM126698510187'),
(233,'2022-02-17','05:00:00','04:40:00','D:/Videos/Riprese/233','GRDGLB93H15D086T','S7SM24523950239'),
(234,'2022-02-23','08:00:00','01:40:00','D:/Videos/Riprese/234','SLVBLN98C16G286D','RKM4K6302147520'),
(235,'2022-02-23','10:30:00','03:20:00','D:/Videos/Riprese/235','GRDGLB93H15D086T','RKM4K6302147520'),
(236,'2022-02-25','07:00:00','02:40:00','D:/Videos/Riprese/236','RSMRTR92A41A944K','PS1H11339874500'),
(237,'2022-02-26','07:00:00','01:10:00','D:/Videos/Riprese/237','FNSFNC91B23D612K','RKM4K6302147520'),
(238,'2022-02-26','10:00:00','02:40:00','D:/Videos/Riprese/238','SLVBLN98C16G286D','BUM126698510187'),
(239,'2022-03-01','07:20:00','02:40:00','D:/Videos/Riprese/239','FNSFNC91B23D612K','BUM126698510187'),
(240,'2022-03-04','08:30:00','02:30:00','D:/Videos/Riprese/240','MRRDNC96B12H501B','CXF511147582036'),
(241,'2022-03-10','12:00:00','04:20:00','D:/Videos/Riprese/241','MTTNSN94D08I138O','PS1H11339874500'),
(242,'2022-03-15','16:00:00','02:00:00','D:/Videos/Riprese/242','PSCGPP86A24F205Q','SZV417413692038'),
(243,'2022-03-20','12:00:00','02:20:00','D:/Videos/Riprese/243','MTTNSN94D08I138O','PGH5E1029325470'),
(244,'2022-03-21','10:00:00','01:30:00','D:/Videos/Riprese/244','MTTNSN94D08I138O','SZV417413692038'),
(245,'2022-03-27','10:00:00','01:20:00','D:/Videos/Riprese/245','MRRDNC96B12H501B','SFX943009852236'),
(246,'2022-03-30','11:30:00','02:30:00','D:/Videos/Riprese/246','PSCGPP86A24F205Q','CXF511147582036'),
(247,'2022-04-04','07:00:00','03:20:00','D:/Videos/Riprese/247','SLVBLN98C16G286D','CR5M13851036985'),
(248,'2022-04-05','10:00:00','01:20:00','D:/Videos/Riprese/248','RSMRTR92A41A944K','S7SM24523950239'),
(249,'2022-04-10','10:00:00','01:20:00','D:/Videos/Riprese/249','LNDRNG93R15H501O','S7SM24523950239'),
(250,'2022-04-12','13:00:00','01:20:00','D:/Videos/Riprese/250','GRNLDR97R22F205Z','CR5M13851036985'),
(251,'2022-04-14','12:00:00','02:40:00','D:/Videos/Riprese/251','SLVBLN98C16G286D','CXF511147582036'),
(252,'2022-04-17','15:00:00','04:30:00','D:/Videos/Riprese/252','RSMRTR92A41A944K','SFX943009852236'),
(253,'2022-04-23','15:00:00','01:20:00','D:/Videos/Riprese/253','MRRDNC96B12H501B','BCCP60398512058'),
(254,'2022-04-25','10:30:00','03:30:00','D:/Videos/Riprese/254','FNSFNC91B23D612K','CXF511147582036'),
(255,'2022-04-27','10:00:00','04:20:00','D:/Videos/Riprese/255','LNDRNG93R15H501O','BUM126698510187'),
(256,'2022-04-29','07:00:00','04:00:00','D:/Videos/Riprese/256','GRDGLB93H15D086T','CR5M13851036985'),
(257,'2022-05-03','09:00:00','02:10:00','D:/Videos/Riprese/257','PSCGPP86A24F205Q','PS1H11339874500'),
(258,'2022-05-09','06:00:00','02:00:00','D:/Videos/Riprese/258','SLVBLN98C16G286D','PS1H11339874500'),
(259,'2022-05-12','07:00:00','04:20:00','D:/Videos/Riprese/259','FRZMNL87T26F205D','BUM126698510187'),
(260,'2022-05-14','09:00:00','02:30:00','D:/Videos/Riprese/260','PSCGPP86A24F205Q','PS1H11339874500'),
(261,'2022-05-16','10:30:00','04:10:00','D:/Videos/Riprese/261','RSMRTR92A41A944K','PGH5E1029325470'),
(262,'2022-05-18','07:00:00','03:00:00','D:/Videos/Riprese/262','GRNLDR97R22F205Z','BUM126698510187'),
(263,'2022-05-18','07:00:00','04:20:00','D:/Videos/Riprese/263','FNSFNC91B23D612K','SZV417413692038'),
(264,'2022-05-21','08:00:00','04:30:00','D:/Videos/Riprese/264','MRRDNC96B12H501B','SZV417413692038'),
(265,'2022-05-23','09:00:00','03:20:00','D:/Videos/Riprese/265','RSMRTR92A41A944K','RKM4K6302147520'),
(266,'2022-05-29','07:00:00','02:20:00','D:/Videos/Riprese/266','FNSFNC91B23D612K','BUM126698510187'),
(267,'2022-06-02','08:30:00','04:30:00','D:/Videos/Riprese/267','PSCGPP86A24F205Q','RKM4K6302147520'),
(268,'2022-06-07','12:00:00','03:00:00','D:/Videos/Riprese/268','GRDGLB93H15D086T','RKM4K6302147520'),
(269,'2022-06-11','16:00:00','01:00:00','D:/Videos/Riprese/269','GRDGLB93H15D086T','BUM126698510187'),
(270,'2022-06-12','11:00:00','02:10:00','D:/Videos/Riprese/270','PSCGPP86A24F205Q','CR5M13851036985'),
(271,'2022-06-17','11:00:00','01:20:00','D:/Videos/Riprese/271','MTTNSN94D08I138O','SFX943009852236'),
(272,'2022-06-19','05:30:00','04:30:00','D:/Videos/Riprese/272','SLVBLN98C16G286D','CR5M13851036985'),
(273,'2022-06-30','06:00:00','03:30:00','D:/Videos/Riprese/273','RSMRTR92A41A944K','CXF511147582036'),
(274,'2022-07-05','07:00:00','03:10:00','D:/Videos/Riprese/274','LNDRNG93R15H501O','RKM4K6302147520'),
(275,'2022-07-10','05:00:00','01:20:00','D:/Videos/Riprese/275','GRDGLB93H15D086T','RKM4K6302147520'),
(276,'2022-07-11','05:00:00','03:20:00','D:/Videos/Riprese/276','GRNLDR97R22F205Z','CR5M13851036985'),
(277,'2022-07-16','07:30:00','01:00:00','D:/Videos/Riprese/277','SLVBLN98C16G286D','PS1H11339874500'),
(278,'2022-07-16','10:00:00','02:30:00','D:/Videos/Riprese/278','PSCGPP86A24F205Q','RKM4K6302147520'),
(279,'2022-07-19','09:00:00','02:20:00','D:/Videos/Riprese/279','RSMRTR92A41A944K','SFX943009852236'),
(280,'2022-07-22','12:00:00','03:00:00','D:/Videos/Riprese/280','GRNLDR97R22F205Z','BCCP60398512058'),
(281,'2022-07-29','08:00:00','02:30:00','D:/Videos/Riprese/281','GRNLDR97R22F205Z','BUM126698510187'),
(282,'2022-08-02','11:00:00','03:40:00','D:/Videos/Riprese/282','FRZMNL87T26F205D','PS1H11339874500'),
(283,'2022-08-06','07:30:00','04:10:00','D:/Videos/Riprese/283','FRZMNL87T26F205D','S7SM24523950239'),
(284,'2022-08-10','07:00:00','02:30:00','D:/Videos/Riprese/284','LNDRNG93R15H501O','CR5M13851036985'),
(285,'2022-08-15','11:00:00','01:40:00','D:/Videos/Riprese/285','MTTNSN94D08I138O','RKM4K6302147520'),
(286,'2022-08-16','08:00:00','01:40:00','D:/Videos/Riprese/286','GRDGLB93H15D086T','CXF511147582036'),
(287,'2022-08-18','07:00:00','02:40:00','D:/Videos/Riprese/287','MTTNSN94D08I138O','CXF511147582036'),
(288,'2022-08-21','10:20:00','04:40:00','D:/Videos/Riprese/288','PSCGPP86A24F205Q','RKM4K6302147520'),
(289,'2022-08-22','08:00:00','03:40:00','D:/Videos/Riprese/289','RSMRTR92A41A944K','PS1H11339874500'),
(290,'2022-08-23','08:00:00','01:40:00','D:/Videos/Riprese/290','GRNLDR97R22F205Z','BUM126698510187'),
(291,'2022-08-26','12:20:00','02:40:00','D:/Videos/Riprese/291','MRRDNC96B12H501B','S7SM24523950239'),
(292,'2022-08-29','09:00:00','01:20:00','D:/Videos/Riprese/292','FNSFNC91B23D612K','PGH5E1029325470'),
(293,'2022-09-03','08:00:00','02:20:00','D:/Videos/Riprese/293','PSCGPP86A24F205Q','CR5M13851036985'),
(294,'2022-09-06','10:00:00','04:00:00','D:/Videos/Riprese/294','FNSFNC91B23D612K','SFX943009852236'),
(295,'2022-09-11','08:30:00','03:20:00','D:/Videos/Riprese/295','GRDGLB93H15D086T','CXF511147582036'),
(296,'2022-09-14','06:00:00','01:20:00','D:/Videos/Riprese/296','LNDRNG93R15H501O','SFX943009852236'),
(297,'2022-09-17','06:00:00','03:10:00','D:/Videos/Riprese/297','GRDGLB93H15D086T','BCCP60398512058'),
(298,'2022-09-23','08:00:00','03:40:00','D:/Videos/Riprese/298','MRRDNC96B12H501B','CR5M13851036985'),
(299,'2022-09-28','07:00:00','03:40:00','D:/Videos/Riprese/299','GRDGLB93H15D086T','CXF511147582036'),
(300,'2022-10-03','10:15:00','02:30:00','D:/Videos/Riprese/300','SLVBLN98C16G286D','BUM126698510187'),
(301,'2022-10-03','09:00:00','03:40:00','D:/Videos/Riprese/301','RSMRTR92A41A944K','SZV417413692038'),
(302,'2022-10-04','08:00:00','02:00:00','D:/Videos/Riprese/302','MRRDNC96B12H501B','CR5M13851036985'),
(303,'2022-10-06','06:00:00','04:40:00','D:/Videos/Riprese/303','FRZMNL87T26F205D','S7SM24523950239'),
(304,'2022-10-10','10:15:00','02:10:00','D:/Videos/Riprese/304','PSCGPP86A24F205Q','PS1H11339874500'),
(305,'2022-10-16','10:00:00','03:30:00','D:/Videos/Riprese/305','FNSFNC91B23D612K','PGH5E1029325470'),
(306,'2022-10-21','05:00:00','02:00:00','D:/Videos/Riprese/306','PSCGPP86A24F205Q','PGH5E1029325470'),
(307,'2022-10-21','09:00:00','02:40:00','D:/Videos/Riprese/307','LNDRNG93R15H501O','SFX943009852236'),
(308,'2022-10-22','08:00:00','03:00:00','D:/Videos/Riprese/308','GRNLDR97R22F205Z','PGH5E1029325470'),
(309,'2022-10-22','12:00:00','04:40:00','D:/Videos/Riprese/309','MTTNSN94D08I138O','SZV417413692038'),
(310,'2022-10-26','09:00:00','04:30:00','D:/Videos/Riprese/310','MRRDNC96B12H501B','SFX943009852236'),
(311,'2022-10-30','08:30:00','01:40:00','D:/Videos/Riprese/311','RSMRTR92A41A944K','SZV417413692038'),
(312,'2022-11-05','10:00:00','04:40:00','D:/Videos/Riprese/312','MTTNSN94D08I138O','PS1H11339874500'),
(313,'2022-11-06','10:00:00','01:10:00','D:/Videos/Riprese/313','FNSFNC91B23D612K','RKM4K6302147520'),
(314,'2022-11-11','08:00:00','03:10:00','D:/Videos/Riprese/314','MRRDNC96B12H501B','SFX943009852236'),
(315,'2022-11-12','11:00:00','02:00:00','D:/Videos/Riprese/315','MTTNSN94D08I138O','CXF511147582036'),
(316,'2022-11-14','15:00:00','03:20:00','D:/Videos/Riprese/316','FNSFNC91B23D612K','BUM126698510187'),
(317,'2022-11-14','17:00:00','03:00:00','D:/Videos/Riprese/317','PSCGPP86A24F205Q','PS1H11339874500'),
(318,'2022-11-15','19:00:00','01:30:00','D:/Videos/Riprese/318','FRZMNL87T26F205D','CR5M13851036985'),
(319,'2022-11-16','16:00:00','04:00:00','D:/Videos/Riprese/319','FRZMNL87T26F205D','BCCP60398512058'),
(320,'2022-11-22','12:30:00','03:10:00','D:/Videos/Riprese/320','LNDRNG93R15H501O','CXF511147582036'),
(321,'2022-11-23','13:00:00','04:30:00','D:/Videos/Riprese/321','MRRDNC96B12H501B','PS1H11339874500'),
(322,'2022-11-26','17:00:00','03:20:00','D:/Videos/Riprese/322','GRNLDR97R22F205Z','SZV417413692038'),
(323,'2022-12-02','13:00:00','03:00:00','D:/Videos/Riprese/323','FRZMNL87T26F205D','PS1H11339874500'),
(324,'2022-12-07','14:00:00','03:00:00','D:/Videos/Riprese/324','FRZMNL87T26F205D','CR5M13851036985'),
(325,'2022-12-13','15:00:00','02:10:00','D:/Videos/Riprese/325','FRZMNL87T26F205D','S7SM24523950239'),
(326,'2022-12-15','17:30:00','03:10:00','D:/Videos/Riprese/326','FRZMNL87T26F205D','BUM126698510187'),
(327,'2022-12-20','19:00:00','02:10:00','D:/Videos/Riprese/327','GRNLDR97R22F205Z','CXF511147582036'),
(328,'2022-12-23','16:00:00','02:30:00','D:/Videos/Riprese/328','MRRDNC96B12H501B','SZV417413692038'),
(329,'2022-12-24','14:00:00','02:10:00','D:/Videos/Riprese/329','PSCGPP86A24F205Q','CR5M13851036985'),
(330,'2022-12-25','16:00:00','04:20:00','D:/Videos/Riprese/330','GRDGLB93H15D086T','CXF511147582036'),
(331,'2022-12-30','14:00:00','01:20:00','D:/Videos/Riprese/331','MTTNSN94D08I138O','SFX943009852236'),
(332,'2023-01-01','17:00:00','02:30:00','D:/Videos/Riprese/332','GRDGLB93H15D086T','RKM4K6302147520'),
(333,'2023-01-01','17:15:00','03:20:00','D:/Videos/Riprese/333','PSCGPP86A24F205Q','SZV417413692038'),
(334,'2023-01-06','18:00:00','04:30:00','D:/Videos/Riprese/334','MTTNSN94D08I138O','S7SM24523950239'),
(335,'2023-01-12','22:00:00','02:00:00','D:/Videos/Riprese/335','FNSFNC91B23D612K','SZV417413692038'),
(336,'2023-01-15','20:00:00','04:40:00','D:/Videos/Riprese/336','GRNLDR97R22F205Z','PGH5E1029325470'),
(337,'2023-01-21','16:00:00','04:20:00','D:/Videos/Riprese/337','RSMRTR92A41A944K','SZV417413692038'),
(338,'2023-01-25','18:00:00','01:30:00','D:/Videos/Riprese/338','RSMRTR92A41A944K','BCCP60398512058'),
(339,'2023-01-28','14:30:00','02:00:00','D:/Videos/Riprese/339','LNDRNG93R15H501O','PGH5E1029325470'),
(340,'2023-01-31','14:00:00','04:30:00','D:/Videos/Riprese/340','GRDGLB93H15D086T','PS1H11339874500'),
(341,'2023-02-05','14:00:00','01:40:00','D:/Videos/Riprese/341','MTTNSN94D08I138O','SZV417413692038'),
(342,'2023-02-09','10:00:00','01:00:00','D:/Videos/Riprese/342','FNSFNC91B23D612K','SFX943009852236'),
(343,'2023-02-15','08:00:00','03:20:00','D:/Videos/Riprese/343','LNDRNG93R15H501O','SFX943009852236'),
(344,'2023-02-22','07:00:00','02:40:00','D:/Videos/Riprese/344','MTTNSN94D08I138O','SZV417413692038'),
(345,'2023-02-27','09:00:00','04:00:00','D:/Videos/Riprese/345','FRZMNL87T26F205D','PS1H11339874500'),
(346,'2023-02-27','10:00:00','03:10:00','D:/Videos/Riprese/346','FNSFNC91B23D612K','BCCP60398512058'),
(347,'2023-03-04','12:00:00','02:10:00','D:/Videos/Riprese/347','SLVBLN98C16G286D','CR5M13851036985'),
(348,'2023-03-05','14:00:00','03:00:00','D:/Videos/Riprese/348','GRDGLB93H15D086T','S7SM24523950239'),
(349,'2023-03-11','14:00:00','01:30:00','D:/Videos/Riprese/349','LNDRNG93R15H501O','PGH5E1029325470'),
(350,'2023-03-14','13:30:00','02:00:00','D:/Videos/Riprese/350','MRRDNC96B12H501B','CXF511147582036'),
(351,'2023-03-14','15:00:00','03:00:00','D:/Videos/Riprese/351','FNSFNC91B23D612K','BUM126698510187'),
(352,'2023-03-14','10:00:00','01:00:00','D:/Videos/Riprese/352','SLVBLN98C16G286D','PGH5E1029325470'),
(353,'2023-03-15','07:00:00','01:00:00','D:/Videos/Riprese/353','PSCGPP86A24F205Q','BCCP60398512058'),
(354,'2023-03-15','11:15:00','02:40:00','D:/Videos/Riprese/354','RSMRTR92A41A944K','SZV417413692038'),
(355,'2023-03-15','16:00:00','02:00:00','D:/Videos/Riprese/355','RSMRTR92A41A944K','RKM4K6302147520'),
(356,'2023-03-18','13:00:00','01:30:00','D:/Videos/Riprese/356','FRZMNL87T26F205D','S7SM24523950239'),
(357,'2023-03-20','16:00:00','01:40:00','D:/Videos/Riprese/357','FNSFNC91B23D612K','SFX943009852236'),
(358,'2023-03-23','16:00:00','04:30:00','D:/Videos/Riprese/358','FRZMNL87T26F205D','S7SM24523950239'),
(359,'2023-03-27','11:00:00','02:30:00','D:/Videos/Riprese/359','RSMRTR92A41A944K','CXF511147582036'),
(360,'2023-04-01','12:30:00','04:40:00','D:/Videos/Riprese/360','GRNLDR97R22F205Z','SZV417413692038'),
(361,'2023-04-05','15:00:00','02:20:00','D:/Videos/Riprese/361','LNDRNG93R15H501O','BUM126698510187'),
(362,'2023-04-06','19:00:00','01:10:00','D:/Videos/Riprese/362','PSCGPP86A24F205Q','PS1H11339874500'),
(363,'2023-04-08','19:00:00','03:10:00','D:/Videos/Riprese/363','FNSFNC91B23D612K','PS1H11339874500'),
(364,'2023-04-10','21:00:00','01:20:00','D:/Videos/Riprese/364','RSMRTR92A41A944K','BCCP60398512058'),
(365,'2023-04-12','18:00:00','04:20:00','D:/Videos/Riprese/365','RSMRTR92A41A944K','SZV417413692038'),
(366,'2023-04-17','13:30:00','02:00:00','D:/Videos/Riprese/366','MRRDNC96B12H501B','BCCP60398512058'),
(367,'2023-04-20','16:00:00','03:30:00','D:/Videos/Riprese/367','FRZMNL87T26F205D','CR5M13851036985'),
(368,'2023-04-26','17:00:00','04:00:00','D:/Videos/Riprese/368','MTTNSN94D08I138O','CR5M13851036985'),
(369,'2023-04-27','12:00:00','01:20:00','D:/Videos/Riprese/369','MTTNSN94D08I138O','RKM4K6302147520'),
(370,'2023-04-29','11:00:00','04:20:00','D:/Videos/Riprese/370','GRDGLB93H15D086T','PGH5E1029325470'),
(371,'2023-05-05','13:00:00','03:30:00','D:/Videos/Riprese/371','FNSFNC91B23D612K','S7SM24523950239'),
(372,'2023-05-07','10:00:00','03:20:00','D:/Videos/Riprese/372','GRNLDR97R22F205Z','PS1H11339874500'),
(373,'2023-05-10','16:30:00','03:40:00','D:/Videos/Riprese/373','FRZMNL87T26F205D','S7SM24523950239'),
(374,'2023-05-15','07:00:00','04:00:00','D:/Videos/Riprese/374','LNDRNG93R15H501O','CXF511147582036'),
(375,'2023-05-16','08:00:00','04:20:00','D:/Videos/Riprese/375','FRZMNL87T26F205D','BCCP60398512058'),
(376,'2023-05-21','12:30:00','02:20:00','D:/Videos/Riprese/376','RSMRTR92A41A944K','BCCP60398512058'),
(377,'2023-05-25','09:30:00','02:10:00','D:/Videos/Riprese/377','RSMRTR92A41A944K','BCCP60398512058'),
(378,'2023-05-27','06:00:00','02:40:00','D:/Videos/Riprese/378','FNSFNC91B23D612K','CXF511147582036'),
(379,'2023-05-28','07:00:00','02:20:00','D:/Videos/Riprese/379','SLVBLN98C16G286D','CR5M13851036985'),
(380,'2023-06-28','19:15:00','01:30:00','D:/Videos/Riprese/380','GRNLDR97R22F205Z','SFX943009852236');

INSERT INTO Recita (Attore, Ripresa) VALUES 
('PNTGRL81B22F205L', 3),
('MRCGLB91L28H501C', 3),
('MRCVNN61M02L219M', 3),
('BCCPTR89H08H501V', 3),
('VTNMRC99D03D612V', 7),
('CRTMRC76D24B354C', 9),
('VTCFBA85A53H501Q', 9),
('MCRPDR13A20F205R', 9),
('CLVBLL84B30L219L', 9),
('SMRCRL94A01H501Z', 10),
('SCMTNZ13D20F205K', 10),
('FGNFBA78E68D612P', 10),
('RSLGPP99L12B354J', 11),
('FRNGNN93R07H501L', 12),
('CLVBLL84B30L219L', 12),
('LVCBLL91C29B354P', 13),
('LNTMRC72D24L219F', 13),
('LNZBNR00B42H501F', 13),
('LZZCMN92C01H501G', 18),
('FGNFBA78E68D612P', 19),
('FNCMHL86B23D612S', 19),
('SNZFBA87B03D612N', 21),
('GRNMRC92L02B354G', 28),
('FRRNNN95R05H501S', 28),
('FRRNNN95R05H501S', 31),
('VRDGLN87M28H501D', 31),
('FGNFBA78E68D612P', 34),
('VNTMRC63M50B354V', 34),
('FNCMHL86B23D612S', 34),
('DRSCSC06P01L219C', 36),
('GRNMRC93L08B354G', 36),
('RBNMHL80A02L219A', 36),
('CRTMRC76D24B354C', 36),
('GRNMRC93L08B354G', 37),
('SCNTFR71B25F205F', 40),
('CLVBLL84B30L219L', 41),
('RBNMHL80A02L219A', 43),
('RSLFBA69D28B354B', 43),
('SMRCRL94A01H501Z', 47),
('LVCBLL91C29B354P', 47),
('CRTMRC76D24B354C', 47),
('SGNFBA79D12L219R', 47),
('GRSDNL96R03F205O', 49),
('VRDGNN98A41F205M', 49),
('RSCGNN90R02H501S', 49),
('LNZBNR00B42H501F', 50),
('BNCMTT97A12H501L', 50),
('LZZCMN92C01H501G', 53),
('LNTMRC72D24L219F', 53),
('BRNNNC90C08H501W', 54),
('LCCFRA97T01H501L', 56),
('VNTMRC63M50B354V', 56),
('RSCGNN90R02H501S', 57),
('VRDNNE75B23F205O', 57),
('MRCVNN61M02L219M', 57),
('NTSCST94B41H501N', 58),
('GRSDNL96R03F205O', 61),
('VNTMRC63M50B354V', 63),
('SCNTFR71B25F205F', 63),
('SCMTNZ13D20F205K', 66),
('GRNMRC93L08B354G', 66),
('MRCVNN61M02L219M', 66),
('VRDGNN98A41F205M', 70),
('BNCLCA89D14F205J', 70),
('VTNMRC99D03D612V', 75),
('LVCBLL91C29B354P', 75),
('GRNMRC92L02B354G', 75),
('FLVGP94H03D612F', 80),
('BNCLCA89D14F205J', 82),
('PRDVLC80R23F205K', 82),
('VRDNNE75B23F205O', 82),
('DRSCSC06P01L219C', 82),
('FRNGNN93R07H501L', 84),
('CLVBLL84B30L219L', 84),
('RBNMHL80A02L219A', 84),
('GRNMRC93L08B354G', 85),
('VRDGLN87M28H501D', 85),
('SGNFBA79D12L219R', 85),
('LNTMRC72D24L219F', 88),
('RSSMRA99A01H501L', 88),
('FNCMHL86B23D612S', 89),
('DRSCSC06P01L219C', 89),
('PNLGRG98T41F205Z', 95),
('VNTMRC63M50B354V', 99),
('BNCLCA89D14F205J', 99),
('SNZFBA87B03D612N', 101),
('RSLFBA69D28B354B', 101),
('CRTMRC76D24B354C', 101),
('LNTMRC72D24L219F', 101),
('FRRNNN95R05H501S', 102),
('PNTGRL81B22F205L', 104),
('GRLMRC94E04L219M', 104),
('VNTMRC63M50B354V', 104),
('FGNFBA78E68D612P', 105),
('VTCFBA85A53H501Q', 107),
('NTSCST94B41H501N', 107),
('FNCMHL86B23D612S', 107),
('PRDVLC80R23F205K', 109),
('LNVGPP05E50D612L', 109),
('VNTMRC63M50B354V', 109),
('MRCGLB91L28H501C', 109),
('GRLMRC94E04L219M', 110),
('VNTMRC63M50B354V', 110),
('VRDGLN87M28H501D', 110),
('VTNMRC99D03D612V', 110),
('SGNFBA79D12L219R', 111),
('PNLGRG98T41F205Z', 111),
('MCRPDR13A20F205R', 113),
('PRDVLC80R23F205K', 115),
('CRTMRC76D24B354C', 116),
('FGNFBA78E68D612P', 116),
('BRNNNC90C08H501W', 117),
('SNZFBA87B03D612N', 117),
('VRDNNE75B23F205O', 117),
('CLVBLL84B30L219L', 119),
('MCRPDR13A20F205R', 119),
('CRTMRC76D24B354C', 119),
('BCCPTR89H08H501V', 121),
('GRNMRC92L02B354G', 121),
('PLZGLI14C19F205O', 125),
('BNCLCA89D14F205J', 126),
('CLVBLL84B30L219L', 128),
('BNCMTT97A12H501L', 128),
('BCCPTR89H08H501V', 128),
('CLVBLL84B30L219L', 134),
('DRSCSC06P01L219C', 135),
('BCCPTR89H08H501V', 135),
('MRCVNN61M02L219M', 135),
('BNCLCA89D14F205J', 135),
('VRDGNN98A41F205M', 137),
('FNCMHL86B23D612S', 137),
('RSLGPP99L12B354J', 139),
('GRSDNL96R03F205O', 139),
('BCGNTN83L14H501L', 139),
('LNZBNR00B42H501F', 142),
('LCCFRA97T01H501L', 142),
('SCNTFR71B25F205F', 142),
('VLNMRC56B50B354B', 143),
('GRSDNL96R03F205O', 144),
('RSLFBA69D28B354B', 144),
('LNTMRC72D24L219F', 144),
('BCGNTN83L14H501L', 144),
('RBNMHL80A02L219A', 150),
('CLVBLL84B30L219L', 153),
('RSCGNN90R02H501S', 153),
('FRRNNN95R05H501S', 153),
('BNCMTT97A12H501L', 155),
('GRNMRC93L08B354G', 155),
('BCCPTR89H08H501V', 155),
('VRDNNE75B23F205O', 156),
('VLNMRC56B50B354B', 156),
('CRTMRC76D24B354C', 158),
('BNCLCA89D14F205J', 159),
('LVCBLL91C29B354P', 159),
('SCNTFR71B25F205F', 165),
('RSLGPP99L12B354J', 167),
('FGNFBA78E68D612P', 167),
('GRNMRC93L08B354G', 167),
('SGNFBA79D12L219R', 168),
('LNVGPP05E50D612L', 168),
('RSLFBA69D28B354B', 170),
('SCNTFR71B25F205F', 170),
('VLNMRC56B50B354B', 170),
('VNTMRC63M50B354V', 170),
('VRDGNN98A41F205M', 172),
('VNTMRC63M50B354V', 172),
('BRNNNC90C08H501W', 178),
('PRDVLC80R23F205K', 178),
('RSLGPP99L12B354J', 178),
('PRDVLC80R23F205K', 180),
('DRSCSC06P01L219C', 180),
('PNLGRG98T41F205Z', 181),
('NTSCST94B41H501N', 181),
('FRNGNN93R07H501L', 183),
('SMRCRL94A01H501Z', 183),
('SCNTFR71B25F205F', 183),
('VRDGNN98A41F205M', 183),
('VRDGLN87M28H501D', 185),
('NTSCST94B41H501N', 186),
('MCRPDR13A20F205R', 186),
('CLVBLL84B30L219L', 187),
('LZZCMN92C01H501G', 188),
('PNTGRL81B22F205L', 189),
('GRLMRC94E04L219M', 190),
('MRCGLB91L28H501C', 190),
('PNLGRG98T41F205Z', 190),
('CLVBLL84B30L219L', 190),
('GRNMRC92L02B354G', 193),
('GRLMRC94E04L219M', 193),
('GRSDNL96R03F205O', 193),
('BCGNTN83L14H501L', 193),
('FLVGP94H03D612F', 196),
('CLVBLL84B30L219L', 197),
('RSSMRA99A01H501L', 197),
('BNCLCA89D14F205J', 197),
('VRDGLN87M28H501D', 197),
('LNZBNR00B42H501F', 199),
('CLVBLL84B30L219L', 199),
('CNTGPP85D07H501P', 199),
('BCGNTN83L14H501L', 199),
('CLVBLL84B30L219L', 200),
('NTSCST94B41H501N', 200),
('RBNMHL80A02L219A', 202),
('GRNMRC93L08B354G', 203),
('DRSCSC06P01L219C', 203),
('SGNFBA79D12L219R', 203),
('CLVBLL84B30L219L', 203),
('FRRNNN95R05H501S', 206),
('VLNMRC56B50B354B', 206),
('BCCPTR89H08H501V', 206),
('VRDNNE75B23F205O', 206),
('LZZCMN92C01H501G', 209),
('RSCGNN90R02H501S', 209),
('CLVBLL84B30L219L', 213),
('VRDGNN98A41F205M', 213),
('SCMTNZ13D20F205K', 216),
('LZZCMN92C01H501G', 216),
('SGNFBA79D12L219R', 216),
('FRRNNN95R05H501S', 217),
('FGNFBA78E68D612P', 220),
('LVCBLL91C29B354P', 220),
('CRTMRC76D24B354C', 223),
('CLVBLL84B30L219L', 223),
('VTCFBA85A53H501Q', 223),
('VLNMRC56B50B354B', 223),
('PNLGRG98T41F205Z', 224),
('BNCLCA89D14F205J', 224),
('CLVBLL84B30L219L', 224),
('FRNGNN93R07H501L', 227),
('VRDGLN87M28H501D', 227),
('BCCPTR89H08H501V', 227),
('LVCBLL91C29B354P', 228),
('VLNMRC56B50B354B', 228),
('SMNBLN67C21F205V', 234),
('RBNMHL80A02L219A', 234),
('BNCLCA89D14F205J', 234),
('FRNGNN93R07H501L', 234),
('GRNMRC92L02B354G', 235),
('FNCMHL86B23D612S', 235),
('BNCMTT97A12H501L', 235),
('LNZBNR00B42H501F', 238),
('SMNBLN67C21F205V', 238),
('VTCFBA85A53H501Q', 240),
('SCMTNZ13D20F205K', 242),
('FNCMHL86B23D612S', 242),
('SMNBLN67C21F205V', 243),
('GRSDNL96R03F205O', 243),
('LZZCMN92C01H501G', 248),
('BCGNTN83L14H501L', 248),
('SCNTFR71B25F205F', 249),
('PLZGLI14C19F205O', 249),
('SGNFBA79D12L219R', 249),
('PNTGRL81B22F205L', 249),
('LNTMRC72D24L219F', 250),
('RSSMRA99A01H501L', 250),
('BCCPTR89H08H501V', 250),
('GRSDNL96R03F205O', 253),
('PLZGLI14C19F205O', 253),
('RSLFBA69D28B354B', 253),
('VRDGLN87M28H501D', 254),
('VRDNNE75B23F205O', 255),
('CNTNDA15C17F205N', 255),
('LNVGPP05E50D612L', 255),
('VNTMRC63M50B354V', 255),
('DRSCSC06P01L219C', 257),
('VLNMRC56B50B354B', 257),
('CNTNDA15C17F205N', 257),
('VTCFBA85A53H501Q', 257),
('MRCGLB91L28H501C', 259),
('FNCMHL86B23D612S', 261),
('CNTNDA15C17F205N', 261),
('GRNMRC92L02B354G', 261),
('FRRNNN95R05H501S', 261),
('DRSCSC06P01L219C', 262),
('FRNGNN93R07H501L', 267),
('BCCPTR89H08H501V', 267),
('FGNFBA78E68D612P', 268),
('LCCFRA97T01H501L', 268),
('SNZFBA87B03D612N', 270),
('FGNFBA78E68D612P', 276),
('GRNMRC92L02B354G', 276),
('VNTMRC63M50B354V', 279),
('VNTMRC63M50B354V', 283),
('SMNBLN67C21F205V', 283),
('PRDVLC80R23F205K', 283),
('VTNMRC99D03D612V', 283),
('SMNBLN67C21F205V', 286),
('LNZBNR00B42H501F', 287),
('SMNBLN67C21F205V', 287),
('SMRCRL94A01H501Z', 289),
('MRCVNN61M02L219M', 289),
('GRNMRC92L02B354G', 289),
('BNCLCA89D14F205J', 289),
('GRSDNL96R03F205O', 292),
('CNTNDA15C17F205N', 296),
('PNTGRL81B22F205L', 296),
('GRNMRC92L02B354G', 296),
('FRRNNN95R05H501S', 296),
('RBNMHL80A02L219A', 297),
('PNLGRG98T41F205Z', 297),
('LNTMRC72D24L219F', 297),
('RSCGNN90R02H501S', 297),
('RSCGNN90R02H501S', 298),
('VRDGNN98A41F205M', 298),
('BCGNTN83L14H501L', 298),
('FRNGNN93R07H501L', 298),
('RSLFBA69D28B354B', 302),
('CNTNDA15C17F205N', 302),
('GRNMRC93L08B354G', 307),
('VTNMRC99D03D612V', 309),
('GRNMRC93L08B354G', 309),
('PLZGLI14C19F205O', 309),
('SCMTNZ13D20F205K', 309),
('SMNBLN67C21F205V', 310),
('SCNTFR71B25F205F', 310),
('LNTMRC72D24L219F', 312),
('FGNFBA78E68D612P', 312),
('FNCMHL86B23D612S', 312),
('BCGNTN83L14H501L', 314),
('BNCMTT97A12H501L', 314),
('PLZGLI14C19F205O', 314),
('LCCFRA97T01H501L', 316),
('SGNFBA79D12L219R', 316),
('MRCGLB91L28H501C', 321),
('SMNBLN67C21F205V', 321),
('RSLGPP99L12B354J', 321),
('BRNNNC90C08H501W', 321),
('PRDVLC80R23F205K', 322),
('SCMTNZ13D20F205K', 322),
('SMNBLN67C21F205V', 322),
('CLVBLL84B30L219L', 322),
('GRSDNL96R03F205O', 324),
('LNZBNR00B42H501F', 324),
('LZZCMN92C01H501G', 329),
('MRCGLB91L28H501C', 330),
('VLNMRC56B50B354B', 330),
('MRCGLB91L28H501C', 331),
('LNVGPP05E50D612L', 331),
('GRSDNL96R03F205O', 331),
('LCCFRA97T01H501L', 331),
('VRDNNE75B23F205O', 336),
('NTSCST94B41H501N', 336),
('VRDGNN98A41F205M', 336),
('SMRCRL94A01H501Z', 338),
('FRRNNN95R05H501S', 340),
('NTSCST94B41H501N', 343),
('CLVBLL84B30L219L', 343),
('GRLMRC94E04L219M', 343),
('VRDNNE75B23F205O', 349),
('CNTGPP85D07H501P', 349),
('RSLFBA69D28B354B', 349),
('CNTNDA15C17F205N', 350),
('RSCGNN90R02H501S', 350),
('VRDGNN98A41F205M', 350),
('PRDVLC80R23F205K', 350),
('CLVBLL84B30L219L', 352),
('SCMTNZ13D20F205K', 353),
('FRRNNN95R05H501S', 354),
('VTCFBA85A53H501Q', 354),
('PNTGRL81B22F205L', 354),
('GRLMRC94E04L219M', 355),
('SMRCRL94A01H501Z', 355),
('BCCPTR89H08H501V', 357),
('GRLMRC94E04L219M', 359),
('DRSCSC06P01L219C', 359),
('VTCFBA85A53H501Q', 359),
('BNCLCA89D14F205J', 360),
('VLNMRC56B50B354B', 360),
('FRNGNN93R07H501L', 360),
('MRCGLB91L28H501C', 360),
('CLVBLL84B30L219L', 361),
('LNZBNR00B42H501F', 361),
('CNTNDA15C17F205N', 361),
('FRNGNN93R07H501L', 361),
('BCGNTN83L14H501L', 365),
('PNTGRL81B22F205L', 365),
('BCCPTR89H08H501V', 365),
('NTSCST94B41H501N', 368),
('BCCPTR89H08H501V', 368),
('CNTGPP85D07H501P', 369),
('LVCBLL91C29B354P', 369),
('NTSCST94B41H501N', 375),
('VRDGLN87M28H501D', 378),
('FRNGNN93R07H501L', 380),
('PNTGRL81B22F205L', 380);

INSERT INTO Creazione (Ripresa, Versione, Video) VALUES
(10, 1, 4),
(10, 2, 4),
(107, 1, 37),
(108, 1, 37),
(109, 1, 38),
(109, 2, 38),
(11, 1, 5),
(110, 1, 44),
(110, 2, 44),
(110, 3, 44),
(111, 1, 44),
(111, 2, 44),
(111, 3, 44),
(112, 1, 39),
(112, 2, 39),
(112, 3, 39),
(113, 1, 39),
(113, 2, 39),
(113, 3, 39),
(115, 1, 39),
(115, 2, 39),
(115, 3, 39),
(116, 1, 45),
(117, 1, 40),
(118, 1, 45),
(119, 1, 45),
(12, 1, 5),
(120, 1, 41),
(121, 1, 41),
(122, 1, 42),
(122, 2, 42),
(122, 3, 42),
(123, 1, 46),
(123, 2, 46),
(123, 3, 46),
(124, 1, 42),
(124, 2, 42),
(124, 3, 42),
(105, 1, 43),
(13, 1, 6),
(13, 2, 6),
(14, 1, 6),
(14, 2, 6),
(140, 1, 47),
(140, 2, 47),
(141, 1, 47),
(141, 2, 47),
(142, 1, 47),
(142, 2, 47),
(143, 1, 47),
(143, 2, 47),
(144, 1, 47),
(144, 2, 47),
(147, 1, 48),
(148, 1, 48),
(149, 1, 48),
(15, 1, 6),
(15, 2, 6),
(150, 1, 49),
(151, 1, 49),
(152, 1, 49),
(153, 1, 49),
(154, 1, 49),
(158, 1, 50),
(158, 2, 50),
(158, 3, 50),
(159, 1, 50),
(159, 2, 50),
(159, 3, 50),
(16, 1, 6),
(16, 2, 6),
(160, 1, 50),
(160, 2, 50),
(160, 3, 50),
(161, 1, 50),
(161, 2, 50),
(161, 3, 50),
(162, 1, 50),
(162, 2, 50),
(162, 3, 50),
(163, 1, 51),
(163, 2, 51),
(163, 3, 51),
(164, 1, 51),
(164, 2, 51),
(164, 3, 51),
(165, 1, 51),
(165, 2, 51),
(165, 3, 51),
(166, 1, 52),
(166, 2, 52),
(166, 3, 52),
(167, 1, 52),
(167, 2, 52),
(167, 3, 52),
(168, 1, 52),
(168, 2, 52),
(168, 3, 52),
(169, 1, 52),
(169, 2, 52),
(169, 3, 52),
(17, 1, 7),
(17, 2, 7),
(170, 1, 52),
(170, 2, 52),
(170, 3, 52),
(172, 1, 53),
(172, 2, 53),
(173, 1, 53),
(173, 2, 53),
(174, 1, 53),
(174, 2, 53),
(175, 1, 53),
(175, 2, 53),
(176, 1, 53),
(176, 2, 53),
(177, 1, 53),
(177, 2, 53),
(178, 1, 53),
(178, 2, 53),
(18, 1, 8),
(180, 1, 54),
(180, 2, 54),
(181, 1, 54),
(181, 2, 54),
(182, 1, 54),
(182, 2, 54),
(183, 1, 54),
(183, 2, 54),
(185, 1, 55),
(186, 1, 55),
(188, 1, 56),
(19, 1, 7),
(19, 2, 7),
(190, 1, 60),
(190, 2, 60),
(190, 3, 60),
(191, 1, 57),
(191, 2, 57),
(191, 3, 57),
(192, 1, 59),
(193, 1, 58),
(193, 2, 58),
(194, 1, 60),
(194, 2, 60),
(194, 3, 60),
(195, 1, 61),
(195, 2, 61),
(196, 1, 62),
(196, 2, 62),
(20, 1, 8),
(21, 1, 8),
(216, 1, 63),
(216, 2, 63),
(216, 3, 63),
(217, 1, 63),
(217, 2, 63),
(217, 3, 63),
(218, 1, 63),
(218, 2, 63),
(218, 3, 63),
(219, 1, 63),
(219, 2, 63),
(219, 3, 63),
(22, 1, 9),
(220, 1, 64),
(220, 2, 64),
(220, 3, 64),
(221, 1, 65),
(221, 2, 65),
(221, 3, 65),
(222, 1, 66),
(222, 2, 66),
(223, 1, 66),
(223, 2, 66),
(224, 1, 65),
(224, 2, 65),
(224, 3, 65),
(225, 1, 65),
(225, 2, 65),
(225, 3, 65),
(226, 1, 66),
(226, 2, 66),
(227, 1, 66),
(227, 2, 66),
(228, 1, 67),
(228, 2, 67),
(228, 3, 67),
(229, 1, 68),
(229, 2, 68),
(23, 1, 9),
(230, 1, 68),
(230, 2, 68),
(231, 1, 69),
(231, 2, 69),
(231, 3, 69),
(232, 1, 70),
(24, 1, 9),
(25, 1, 10),
(25, 2, 10),
(26, 1, 11),
(26, 2, 11),
(267, 1, 71),
(267, 2, 71),
(267, 3, 71),
(267, 4, 71),
(268, 1, 71),
(268, 2, 71),
(268, 3, 71),
(268, 4, 71),
(269, 1, 71),
(269, 2, 71),
(269, 3, 71),
(269, 4, 71),
(27, 1, 11),
(27, 2, 11),
(270, 1, 72),
(270, 2, 72),
(270, 3, 72),
(271, 1, 71),
(271, 2, 71),
(271, 3, 71),
(271, 4, 71),
(272, 1, 72),
(272, 2, 72),
(272, 3, 72),
(273, 1, 73),
(253, 1, 74),
(274, 1, 75),
(275, 1, 75),
(276, 1, 75),
(277, 1, 76),
(277, 2, 76),
(278, 1, 76),
(278, 2, 76),
(279, 1, 76),
(279, 2, 76),
(28, 1, 11),
(28, 2, 11),
(280, 1, 76),
(280, 2, 76),
(282, 1, 77),
(283, 1, 77),
(285, 1, 78),
(285, 2, 78),
(285, 3, 78),
(286, 1, 78),
(286, 2, 78),
(286, 3, 78),
(287, 1, 78),
(287, 2, 78),
(287, 3, 78),
(288, 1, 78),
(288, 2, 78),
(288, 3, 78),
(289, 1, 78),
(289, 2, 78),
(289, 3, 78),
(29, 1, 12),
(290, 1, 78),
(290, 2, 78),
(290, 3, 78),
(291, 1, 79),
(292, 1, 79),
(293, 1, 80),
(293, 2, 80),
(294, 1, 81),
(294, 2, 81),
(295, 1, 81),
(295, 2, 81),
(296, 1, 81),
(296, 2, 81),
(297, 1, 82),
(297, 2, 82),
(297, 3, 82),
(297, 4, 82),
(298, 1, 82),
(298, 2, 82),
(298, 3, 82),
(298, 4, 82),
(299, 1, 83),
(3, 1, 1),
(3, 2, 1),
(3, 3, 1),
(30, 1, 12),
(300, 1, 83),
(301, 1, 83),
(302, 1, 83),
(303, 1, 83),
(305, 1, 84),
(305, 2, 84),
(306, 1, 84),
(306, 2, 84),
(307, 1, 85),
(307, 2, 85),
(307, 3, 85),
(308, 1, 84),
(308, 2, 84),
(309, 1, 84),
(309, 2, 84),
(31, 1, 12),
(310, 1, 85),
(310, 2, 85),
(310, 3, 85),
(311, 1, 85),
(311, 2, 85),
(311, 3, 85),
(312, 1, 86),
(312, 2, 86),
(313, 1, 87),
(314, 1, 87),
(315, 1, 86),
(315, 2, 86),
(316, 1, 87),
(317, 1, 87),
(318, 1, 87),
(319, 1, 86),
(319, 2, 86),
(32, 1, 13),
(327, 1, 88),
(328, 1, 88),
(329, 1, 89),
(329, 2, 89),
(33, 1, 14),
(330, 1, 89),
(330, 2, 89),
(331, 1, 89),
(331, 2, 89),
(332, 1, 90),
(332, 2, 90),
(332, 3, 90),
(333, 1, 90),
(333, 2, 90),
(333, 3, 90),
(334, 1, 90),
(334, 2, 90),
(334, 3, 90),
(335, 1, 91),
(335, 2, 91),
(335, 3, 90),
(336, 1, 91),
(336, 2, 91),
(337, 1, 92),
(337, 2, 92),
(337, 3, 92),
(338, 1, 93),
(338, 2, 93),
(338, 3, 93),
(339, 1, 94),
(34, 1, 15),
(340, 1, 94),
(344, 1, 95),
(344, 2, 95),
(344, 3, 95),
(345, 1, 95),
(345, 2, 95),
(345, 3, 95),
(346, 1, 95),
(346, 2, 95),
(346, 3, 95),
(347, 1, 96),
(348, 1, 96),
(349, 1, 97),
(35, 1, 15),
(350, 1, 97),
(351, 1, 97),
(352, 1, 97),
(353, 1, 97),
(354, 1, 97),
(355, 1, 97),
(356, 1, 97),
(357, 1, 97),
(36, 1, 16),
(36, 2, 16),
(365, 1, 98),
(365, 2, 98),
(365, 3, 98),
(366, 1, 98),
(366, 2, 98),
(366, 3, 98),
(367, 1, 98),
(367, 2, 98),
(367, 3, 98),
(37, 1, 16),
(37, 2, 16),
(38, 1, 17),
(39, 1, 17),
(4, 1, 1),
(4, 2, 1),
(4, 3, 1),
(40, 1, 17),
(41, 1, 18),
(41, 2, 18),
(42, 1, 19),
(43, 1, 20),
(44, 1, 20),
(46, 1, 21),
(46, 2, 21),
(46, 3, 21),
(46, 4, 21),
(47, 1, 22),
(47, 2, 22),
(47, 3, 22),
(48, 1, 22),
(48, 2, 22),
(48, 3, 22),
(49, 1, 21),
(49, 2, 21),
(49, 3, 21),
(49, 4, 21),
(5, 1, 1),
(5, 2, 1),
(5, 3, 1),
(6, 1, 2),
(68, 1, 23),
(69, 1, 24),
(69, 2, 24),
(69, 3, 24),
(7, 1, 2),
(70, 1, 24),
(70, 2, 24),
(70, 3, 24),
(71, 1, 24),
(71, 2, 24),
(71, 3, 24),
(72, 1, 25),
(59, 1, 26),
(73, 1, 27),
(74, 1, 28),
(75, 1, 28),
(76, 1, 28),
(77, 1, 29),
(77, 2, 29),
(77, 3, 29),
(78, 1, 30),
(78, 2, 30),
(78, 3, 29),
(79, 1, 29),
(79, 2, 29),
(79, 3, 29),
(8, 1, 3),
(8, 2, 3),
(80, 1, 29),
(80, 2, 29),
(80, 3, 29),
(81, 1, 30),
(81, 2, 30),
(82, 1, 31),
(83, 1, 31),
(84, 1, 32),
(84, 2, 32),
(84, 3, 32),
(84, 4, 32),
(85, 1, 33),
(86, 1, 33),
(87, 1, 32),
(87, 2, 32),
(87, 3, 32),
(87, 4, 32),
(88, 1, 32),
(88, 2, 32),
(88, 3, 32),
(88, 4, 32),
(89, 1, 34),
(89, 2, 34),
(9, 1, 3),
(9, 2, 3),
(90, 1, 35),
(90, 2, 35),
(91, 1, 36),
(92, 1, 35),
(92, 2, 35);